Date,DRP** mg/L P,Month,NH3 mg/L N,NO2 mg/L N,NO3 mg/L N,PO4 mg/L P,SKN mg/L N,TDN mg/L N,TDP mg/L P,TKN mg/L N,TN mg/L N,TP mg/L P,TSS mg/L,Year,flow mgd,pH,peak_flow mgd,temperature degC,urea* mg/L N
2004-01-06,,1,0.1,0.03,5.5,3.86,,,,0.5,6,,,2004,21.21,,,,
2004-01-14,,1,0.1,,3.9,3.86,,,,1,4.9,2.9,,2004,15.41,,,,
2004-01-21,,1,0.1,,9.1,3.86,,,,0.8,9.9,2.1,,2004,18.83,,,,
2004-01-28,,1,0.1,,10,3.86,,,,0.9,10.9,2.6,,2004,20.74,,,,
2004-02-03,,2,0.5,0.03,15,3.86,,,,0.9,15.9,3,,2004,24.08,,,,
2004-02-11,,2,0.1,,9.4,3.86,,,,1.3,10.7,3.2,,2004,18.19,,,,
2004-02-18,,2,0.1,,6.8,3.86,,,,1.4,8.2,2.6,,2004,34.03,,,,
2004-02-25,,2,0.1,,6.8,3.86,,,,1.3,8.1,1.9,,2004,24.27,,,,
2004-03-02,,3,0.2,,,3.86,,,,,,,,2004,25.83,,,,
2004-03-04,,3,0.2,0.03,9.4,3.86,,,,1,10.4,2,,2004,24.44,,,,
2004-03-10,,3,0.1,,13,3.86,,,,0.6,13.6,2.93,,2004,16.78,,,,
2004-03-17,,3,0.1,,5.1,3.86,,,,0.7,5.8,2.03,,2004,16.19,,,,
2004-03-31,,3,0.9,,4.1,3.86,,,,1.8,5.9,1.44,,2004,12.3,,,,
2004-04-06,,4,,0.03,3.4,3.86,,,,1.3,4.7,1.6,,2004,16.5,,,,
2004-04-14,,4,0.1,,8.8,3.86,,,,0.8,9.6,3.12,,2004,9.68,,,,
2004-04-21,,4,0.1,,2.5,3.86,,,,0.9,3.4,2.63,,2004,12.79,,,,
2004-04-28,,4,0.1,,4.2,3.86,,,,1,5.2,3.69,,2004,12.95,,,,
2004-05-04,,5,0.7,0.03,15,3.86,,,,1.2,16.2,4.4,,2004,16.01,,,,
2004-05-12,,5,0.1,,18.6,3.86,,,,0.84,19.44,3.96,,2004,11.99,,,,
2004-05-19,,5,0.1,,1.5,3.86,,,,0.5,2,3.32,,2004,13.62,,,,
2004-05-26,,5,0.12,,8,3.86,,,,1.2,9.2,2.06,,2004,5.99,,,,
2004-06-01,,6,2.2,0.04,5.2,3.86,,,,2.9,8.1,0.7,,2004,6.03,,,,
2004-06-09,,6,0.15,,7.4,3.86,,,,0.93,8.33,2.51,,2004,12.28,,,,
2004-06-23,,6,0.2,,5.9,3.86,,,,0.56,6.46,2.46,,2004,12.53,,,,
2004-06-30,,6,,,8.4,3.86,,,,2.8,11.2,2.43,,2004,11.2,,,,
2004-07-06,,7,0.2,0.03,16,3.86,,,,0.6,16.6,3,,2004,7.29,,,,
2004-07-07,,7,0.1,,,3.86,,,,,,,,2004,7.18,,,,
2004-07-10,,7,0.1,,1.8,3.86,,,,0.8,2.6,,,2004,10.39,,,,
2004-07-14,,7,0.1,,,3.86,,,,,,1.9,,2004,10.36,,,,
2004-07-15,,7,0.1,,2.1,3.86,,,,0.9,3,,,2004,12.24,,,,
2004-07-21,,7,0.1,,,3.86,,,,,,2.6,,2004,11.76,,,,
2004-07-23,,7,,,3.5,3.86,,,,1,4.5,,,2004,8.13,,,,
2004-07-28,,7,0.02,,,3.86,,,,,,3.6,,2004,7.01,,,,
2004-07-30,,7,,,9,3.86,,,,1.1,10.1,,,2004,13.13,,,,
2004-08-03,,8,,0.03,19,3.86,,,,0.75,19.75,2.9,,2004,13.52,,,,
2004-08-11,,8,,,12,3.86,,,,0.56,12.56,,,2004,9.84,,,,
2004-08-18,,8,,,37.4,3.86,,,,0.93,38.33,,,2004,7.2,,,,
2004-08-25,,8,,,22.4,3.86,,,,0.9,23.3,3,,2004,8.98,,,,
2004-09-08,,9,0.1,,14.4,3.86,,,,14.4,28.8,3.6,,2004,8.92,,,,
2004-09-09,,9,0.1,,,3.86,,,,,,,,2004,6.6,,,,
2004-09-14,,9,0.1,,,3.86,,,,,,,,2004,10.76,,,,
2004-09-15,,9,0.1,,5,3.86,,,,0.75,5.75,2.7,,2004,10,,,,
2004-09-21,,9,,,,3.86,,,,,0,,,2004,8.95,,,,
2004-09-22,,9,0.1,,5.8,3.86,,,,0.75,6.55,2.6,,2004,8.8,,,,
2004-09-28,,9,0.1,,,3.86,,,,,,,,2004,11.03,,,,
2004-09-29,,9,0.1,,7.4,3.86,,,,,7.4,1.8,,2004,9.03,,,,
2004-09-30,,9,0.1,,,3.86,,,,,,,,2004,10.51,,,,
2004-10-05,,10,0.1,0.03,13,3.86,,,,,13,,,2004,11.92,,,,
2004-10-13,,10,0.1,,8,3.86,,,,0.56,8.56,2.8,,2004,9.05,,,,
2004-10-19,,10,0.1,,,3.86,,,,,,,,2004,15.48,,,,
2004-10-20,,10,,,8.6,3.86,,,,0.93,9.53,2.4,,2004,10.92,,,,
2004-10-27,,10,0.1,,16,3.86,,,,0.92,16.92,3.36,,2004,17.72,,,,
2004-11-02,,11,1.2,0.03,12,3.86,,,,,,2.8,,2004,15.78,,,,
2004-11-03,,11,0.1,,,3.86,,,,0.84,0.84,,,2004,16.39,,,,
2004-11-10,,11,0.1,,,3.86,,,,0.93,0.93,0.95,,2004,15.86,,,,
2004-11-17,,11,0.1,,,3.86,,,,,0,0.8,,2004,15.45,,,,
2004-12-01,,12,0.1,,,3.86,,,,0.53,0.53,1.34,,2004,15.52,,,,
2004-12-07,,12,0.1,0.03,5.8,3.86,,,,,,,,2004,17,,,,
2004-12-08,,12,0.1,,,3.86,,,,0.93,0.93,,,2004,21.24,,,,
2004-12-15,,12,0.1,,,3.86,,,,0.84,0.84,2.2,,2004,18.27,,,,
2004-12-22,,12,0.1,,,3.86,,,,2.05,2.05,0.91,,2004,16.06,,,,
2004-12-29,,12,0.4,,,3.86,,,,0.97,0.97,1.84,,2004,27.76,,,,
2005-01-03,,1,0.27,0.03,4.2,3.86,,,,,,0.88,,2005,27.76,,,,
2005-01-05,,1,0.1,,,3.86,,,,1.1,,,,2005,24.36,,,,
2005-01-12,,1,0.1,,3.08,3.86,,,,1.1,4.18,1.18,,2005,26.77,,,,
2005-01-19,,1,0.1,,2.6,3.86,,,,1.1,3.7,0.62,,2005,17.66,,,,
2005-01-26,,1,0.1,,5.92,3.86,,,,0.89,6.81,1.9,,2005,25.52,,,,
2005-02-01,,2,0.29,,4.9,3.86,,,,0.84,5.74,2.4,,2005,18,,,,
2005-02-08,,2,0.1,,5.04,3.86,,,,0.84,5.88,3.13,,2005,18.88,,,,
2005-02-15,,2,0.1,,7.42,3.86,,,,0.65,8.07,2.56,,2005,18.58,,,,
2005-02-22,,2,0.1,,7.42,3.86,,,,0.38,7.8,1.28,,2005,26.18,,,,
2005-03-01,,3,0.1,,7.9,3.86,,,,0.84,8.74,2.1,,2005,22.07,,,,
2005-03-08,,3,0.1,,7.54,3.86,,,,0.75,8.29,1.67,,2005,24.73,,,,
2005-03-15,,3,0.1,,4.6,3.86,,,,0.75,5.35,0.76,,2005,20.14,,,,
2005-03-22,,3,0.1,,3.92,3.86,,,,0.75,4.67,1.24,,2005,27.33,,,,
2005-03-29,,3,0.1,,8.66,3.86,,,,0.58,9.24,3.12,,2005,24.48,,,,
2005-04-06,,4,0.1,,5.8,3.86,,,,0.56,6.36,2.4,,2005,17.96,,,,
2005-04-13,,4,0.1,,11.3,3.86,,,,0.84,12.14,3.11,,2005,17.9,,,,
2005-04-20,,4,0.1,,3.58,3.86,,,,0.75,4.33,1.84,,2005,11.38,,,,
2005-04-27,,4,0.1,,4.54,3.86,,,,0.93,5.47,1.61,,2005,6.18,,,,
2005-04-29,,4,0.1,,5.78,3.86,,,,0.72,6.5,,,2005,21.07,,,,
2005-05-02,,5,0.21,,5.8,3.86,,,,,,2.1,,2005,15.37,,,,
2005-05-04,,5,0.1,,,3.86,,,,0.84,0.84,,,2005,15.98,,,,
2005-05-10,,5,0.1,,5.82,3.86,,,,,,1.2,,2005,15.71,,,,
2005-05-11,,5,0.1,,,3.86,,,,0.93,0.93,,,2005,20.18,,,,
2005-05-18,,5,0.1,,,3.86,,,,1.03,1.03,0.43,,2005,14.38,,,,
2005-05-25,,5,0.1,,,3.86,,,,0.84,0.84,2.73,,2005,11.52,,,,
2005-05-31,,5,0.1,,,3.86,,,,,,3.16,,2005,14.88,,,,
2005-06-02,,6,0.1,,,3.86,,,,0.77,0.77,,,2005,14.48,,,,
2005-06-07,,6,0.32,,5.4,3.86,,,,,,1.8,,2005,11.49,,,,
2005-06-08,,6,0.1,,,3.86,,,,1.12,1.12,,,2005,13.45,,,,
2005-06-14,,6,0.1,,,3.86,,,,1.31,1.31,2.4,,2005,6.81,,,,
2005-06-21,,6,0.1,,,3.86,,,,,,1.04,,2005,7.67,,,,
2005-06-22,,6,0.1,,,3.86,,,,1.68,,,,2005,6.76,,,,
2005-06-28,,6,0.1,,,3.86,,,,,,3.09,,2005,10.37,,,,
2005-06-29,,6,0.1,,,3.86,,,,0.89,,,,2005,12.39,,,,
2005-07-05,,7,0.27,,4.9,3.86,,,,,,2.6,,2005,8.86,,,,
2005-07-06,,7,0.1,,,3.86,,,,1.12,,,,2005,2.38,,,,
2005-07-12,,7,0.1,,,3.86,,,,,,3.3,,2005,12.39,,,,
2005-07-13,,7,0.1,,,3.86,,,,1.12,,,,2005,13.35,,,,
2005-07-19,,7,0.1,,,3.86,,,,,,2.01,,2005,9.64,,,,
2005-07-20,,7,0.1,,,3.86,,,,,,,,2005,5.42,,,,
2005-07-21,,7,0.1,,,3.86,,,,1.12,1.12,,,2005,8.49,,,,
2005-07-26,,7,0.1,,,3.86,,,,,,0.77,,2005,11.33,,,,
2005-07-27,,7,0.1,,,3.86,,,,1.3,,,,2005,9.91,,,,
2005-08-02,,8,0.2,,9.7,3.86,,,,1.12,10.82,8.7,,2005,7.59,,,,
2005-08-09,,8,0.1,,,3.86,,,,0.93,0.93,2.96,,2005,11.44,,,,
2005-08-16,,8,0.1,,,3.86,,,,,,1.82,,2005,9.72,,,,
2006-01-03,,1,0.31,,4.5,3.86,,,,2.61,7.11,1.5,,2006,32.43,,,,
2006-01-10,,1,1.57,,6.65,3.86,,,,0.75,7.4,2.51,,2006,32.35,,,,
2006-01-17,,1,0.1,,4.55,3.86,,,,0.56,5.11,2.16,,2006,18,,,,
2006-01-24,,1,0.1,,9,3.86,,,,0.75,9.75,3.3,,2006,23.99,,,,
2006-01-31,,1,0.1,,7.15,3.86,,,,0.85,8,3.25,,2006,23.63,,,,
2006-02-07,,2,0.1,,7.1,3.86,,,,0.93,8.03,2.3,,2006,19.98,,,,
2006-02-14,,2,0.1,,12,3.86,,,,0.84,12.84,2.95,,2006,19.06,,,,
2006-02-21,,2,0.1,,9.65,3.86,,,,0.93,10.58,2.65,,2006,17.24,,,,
2006-02-28,,2,0.1,,10.2,3.86,,,,0.27,10.47,2.48,,2006,29.96,,,,
2006-03-07,,3,0.11,,4.3,3.86,,,,1.4,5.7,1.4,,2006,28.73,,,,
2006-03-14,,3,0.28,,3.8,3.86,,,,0.93,4.73,2.11,,2006,28.56,,,,
2006-03-21,,3,0.1,,3.65,3.86,,,,0.65,4.3,2.1,,2006,26.85,,,,
2006-03-28,,3,0.1,,7.4,3.86,,,,0.8,8.2,1.71,,2006,28,,,,
2006-04-04,,4,0.07,,6.2,3.86,,,,0.75,6.95,2.2,,2006,28.32,,,,
2006-04-11,,4,0.1,,4.87,3.86,,,,1.12,5.99,2.5,,2006,28.91,,,,
2006-04-18,,4,0.1,,5.92,3.86,,,,0.56,6.48,2.22,,2006,28.84,,,,
2006-04-25,,4,0.1,,10.55,3.86,,,,0.97,11.52,2.96,,2006,22.98,,,,
2006-05-02,,5,,,6.3,3.86,,,,1.21,7.51,2.2,,2006,22.43,,,,
2006-05-09,,5,0.1,,7.2,3.86,,,,1.03,8.23,3.13,,2006,13.49,,,,
2006-05-16,,5,0.1,,9.3,3.86,,,,1.12,10.42,2.21,,2006,14.04,,,,
2006-05-23,,5,0.1,,6.6,3.86,,,,0.84,7.44,1.79,,2006,21.38,,,,
2006-05-30,,5,0.1,,6.95,3.86,,,,0.8,7.75,1.97,,2006,14.03,,,,
2006-06-05,,6,0.1,,6.9,3.86,,,,,,2,,2006,12.83,,,,
2006-06-06,,6,0.1,,,3.86,,,,0.93,,,,2006,11.8,,,,
2006-06-13,,6,0.1,,6.82,3.86,,,,0.65,7.47,3.37,,2006,10.59,,,,
2006-06-20,,6,0.1,,13.18,3.86,,,,1.12,14.3,2.88,,2006,7.99,,,,
2006-06-27,,6,0.1,,16,3.86,,,,1.5,17.5,4.13,,2006,12.1,,,,
2006-07-05,,7,0.1,,15,3.86,,,,1.03,16.03,3.1,,2006,11.16,,,,
2006-07-11,,7,0.01,,15.1,3.86,,,,1.03,16.13,3.54,,2006,6.63,,,,
2006-07-18,,7,0.08,,8.08,3.86,,,,0.93,9.01,2.59,,2006,10.46,,,,
2006-07-25,,7,0.05,,14.22,3.86,,,,0.44,14.66,3.83,,2006,7.66,,,,
2006-08-01,,8,0.04,,18,3.86,,,,0.84,18.84,2.2,,2006,7.63,,,,
2006-08-08,,8,0.1,,14.74,3.86,,,,0.98,15.72,4.05,,2006,11.76,,,,
2006-08-15,,8,0.07,,9.7,3.86,,,,0.65,10.35,3.62,,2006,9.4,,,,
2006-08-22,,8,0.1,,16.95,3.86,,,,0.75,17.7,3.4,,2006,8.01,,,,
2006-08-29,,8,0.1,,14.42,3.86,,,,1.9,16.32,2.9,,2006,11.23,,,,
2006-09-05,,9,0.69,0.003,16,3.86,,,,0.47,16.47,2.8,,2006,9.6,,,,
2006-09-12,,9,0.1,,21.15,3.86,,,,0.37,21.52,3.44,,2006,11.88,,,,
2006-09-19,,9,0.1,,22.65,3.86,,,,0.65,23.3,3.55,,2006,10.11,,,,
2006-09-26,,9,0.1,,24.6,3.86,,,,0.54,25.14,3.67,,2006,12.32,,,,
2006-10-03,,10,0.04,0.003,25,3.86,,,,0.47,25.47,3,,2006,15.87,,,,
2006-10-10,,10,0.01,,27.25,3.86,,,,2.15,29.4,3.89,,2006,6.66,,,,
2006-10-17,,10,0.75,,18.8,3.86,,,,,,3.75,,2006,13.91,,,,
2006-10-18,,10,0.51,,,3.86,,,,0.47,0.47,,,2006,14.1,,,,
2006-10-24,,10,0.02,,18.7,3.86,,,,0.19,18.89,3.72,,2006,11.79,,,,
2006-10-31,,10,0.01,,25.95,3.86,,,,0.97,26.92,4.88,,2006,12.58,,,,
2006-11-07,,11,0.1,0.003,,3.86,,,,0.65,23.65,3.7,,2006,18.36,,,,
2006-11-14,,11,0.1,,,3.86,,,,0.84,0.84,4.25,,2006,18.2,,,,
2006-11-21,,11,0.1,,,3.86,,,,2.61,2.61,3.41,,2006,16.32,,,,
2006-11-28,,11,,,,3.86,,,,,,4.79,,2006,15.96,,,,
2006-11-29,,11,0.1,,,3.86,,,,0.92,,,,2006,15.98,,,,
2006-12-05,,12,0.04,0.002,22,3.86,,,,0.75,22.75,3,,2006,13.48,,,,
2006-12-12,,12,0,,20.6,3.86,,,,0.47,21.07,3.46,,2006,16.8,,,,
2006-12-19,,12,0,,19.9,3.86,,,,,,3.52,,2006,18.26,,,,
2006-12-26,,12,0,,22.9,3.86,,,,0.75,23.65,3.66,,2006,18.1,,,,
2007-01-02,,1,0.04,0.002,25,3.86,,,,0.93,25.93,2.7,,2007,17.32,,,,
2007-01-09,,1,0,,22.55,3.86,,,,1.21,23.76,5.34,,2007,14.35,,,,
2007-01-16,,1,0.5,,20.05,3.86,,,,0.56,20.61,4.08,,2007,16.12,,,,
2007-01-23,,1,0.04,,21.75,3.86,,,,1.49,23.24,4.47,,2007,13.92,,,,
2007-01-30,,1,0.36,,18.1,3.86,,,,0.89,18.99,3.39,,2007,14,,,,
2007-02-06,,2,0.04,0.002,18,3.86,,,,0.93,18.93,4,,2007,13.48,,,,
2007-02-13,,2,0.04,,14.55,3.86,,,,0.75,15.3,1.5,,2007,16.96,,,,
2007-02-20,,2,0.02,,19.4,3.86,,,,0.75,20.15,3.14,,2007,16.74,,,,
2007-02-27,,2,0.1,,18,3.86,,,,1,19,3.06,,2007,20.49,,,,
2007-03-06,,3,0.24,0.002,19,3.86,,,,0.84,19.84,2.9,,2007,14.63,,,,
2007-03-13,,3,0.03,,11.45,3.86,,,,0.75,12.2,2.1,,2007,14.99,,,,
2007-03-20,,3,0.01,,15.6,3.86,,,,0.65,16.25,3.75,,2007,15.92,,,,
2007-05-09,,5,0.1,,13.45,3.86,,,,1.1,14.55,2.96,,2007,14.57,,,,
2007-06-27,,6,0.1,,18,3.86,,,,,18,2.9,,2007,7.99,,,,
2007-08-08,,8,0.1,,,3.86,,,,1,,,,2007,7.59,,,,
2007-09-12,,9,0.1,,22,3.86,,,,0.6,22.6,4.1,,2007,8.87,,,,
2007-10-23,,10,0.1,,21,3.86,,,,0.9,21.9,4.3,,2007,15.73,,,,
2007-10-30,,10,0.1,,17,3.86,,,,0.97,17.97,2.9,,2007,13.44,,,,
2007-11-07,,11,0.1,0.004,9.8,3.86,,,,0.83,10.63,2.5,,2007,14.84,,,,
2007-11-14,,11,0.1,,19,3.86,,,,1,20,3.5,,2007,14.37,,,,
2007-11-21,,11,0.1,,10,3.86,,,,,12,3.4,,2007,13.36,,,,
2007-11-28,,11,0.6,,17,3.86,,,,0.83,17.83,3.5,,2007,12.68,,,,
2007-12-05,,12,0.1,0.004,13,3.86,,,,0.99,13.99,3.7,,2007,16.3,,,,
2007-12-12,,12,0.1,,13,3.86,,,,1.3,14.3,3.6,,2007,14.39,,,,
2007-12-26,,12,0.18,,14,3.86,,,,0.97,14.97,1.6,,2007,16.51,,,,
2008-01-02,,1,0.04,0.004,13,3.86,,,,,,2.9,,2008,19.09,,,,
2008-01-03,,1,0.1,,,3.86,,,,0.96,,,,2008,20.04,,,,
2008-01-09,,1,0.1,,7.5,3.86,,,,1.1,8.6,1.9,,2008,21.8,,,,
2008-01-16,,1,0.1,,12,3.86,,,,1.2,13.2,3.9,,2008,16.39,,,,
2008-01-23,,1,0.1,,13,3.86,,,,0.85,13.85,2.5,,2008,21.58,,,,
2008-01-31,,1,0.1,,9.2,3.86,,,,0.79,9.99,2.1,,2008,19.06,,,,
2008-02-06,,2,0.06,,9.4,3.86,,,,0.88,10.28,2.8,,2008,22.23,,,,
2008-02-13,,2,0.1,,15,3.86,,,,0.97,15.97,3.4,,2008,18.33,,,,
2008-02-20,,2,0.1,,15,3.86,,,,0.68,15.68,2.8,,2008,19.05,,,,
2008-02-27,,2,,,8.9,3.86,,,,,8.9,2.3,,2008,22.33,,,,
2008-02-28,,2,0.1,,,3.86,,,,0.89,,,,2008,22.01,,,,
2008-03-06,,3,0.1,0.004,15,3.86,,,,1.3,16.3,3.7,,2008,21.66,,,,
2008-03-12,,3,0.15,,19,3.86,,,,0.89,19.89,5.2,,2008,19.39,,,,
2008-03-19,,3,0.1,,19,3.86,,,,0.9,19.9,5,,2008,16.02,,,,
2008-03-26,,3,0.1,,22,3.86,,,,0.78,22.78,4.7,,2008,13.63,,,,
2008-04-02,,4,0.13,0.004,24,3.86,,,,0.86,24.86,5.2,,2008,12.34,,,,
2008-04-09,,4,0.1,,16,3.86,,,,0.74,16.74,4.3,,2008,12.63,,,,
2008-04-16,,4,0.1,,,3.86,,,,0.59,23.59,6.2,,2008,7.56,,,,
2008-04-23,,4,0.25,,24,3.86,,,,0.94,24.94,4.8,,2008,3.89,,,,
2008-04-30,,4,0.1,,34,3.86,,,,0.96,34.96,5.88,,2008,14.11,,,,
2008-05-07,,5,0.2,0.004,21,3.86,,,,1.1,22.1,7.7,,2008,13.77,,,,
2008-05-14,,5,0.1,,18,3.86,,,,0.86,18.86,5.47,,2008,12.37,,,,
2008-05-21,,5,0.1,,21,3.86,,,,,,5.68,,2008,11.11,,,,
2008-05-28,,5,0.1,,,3.86,,,,0.8,0.8,,,2008,9.92,,,,
2008-06-04,,6,0.1,0.004,3.9,3.86,,,,1.1,5,2.6,,2008,7.61,,,,
2008-06-10,,6,0.1,,7.6,3.86,,,,0.82,8.42,3.47,,2008,5.04,,,,
2008-06-18,,6,0.1,,15,3.86,,,,0.52,15.52,4.37,,2008,7.56,,,,
2008-06-25,,6,0.1,,20,3.86,,,,0.79,20.79,5.59,,2008,9.04,,,,
2008-07-02,,7,0.04,0.004,19,3.86,,,,0.85,19.85,4,,2008,11.35,,,,
2008-07-08,,7,0.1,,28,3.86,,,,0.68,28.68,5.18,,2008,12.23,,,,
2008-07-15,,7,0.05,,26,3.86,,,,,,5,,2008,12.02,,,,
2008-07-18,,7,0.1,,,3.86,,,,0.96,0.96,,,2008,8.65,,,,
2008-07-23,,7,0.1,,24,3.86,,,,0.53,24.53,3.9,,2008,6.72,,,,
2008-07-29,,7,0.1,,15,3.86,,,,0.99,15.99,5.35,,2008,9.58,,,,
2008-08-06,,8,0.1,0.002,24,3.86,,,,1.3,25.3,2.7,,2008,7.47,,,,
2008-08-13,,8,0.1,,24,3.86,,,,1.1,25.1,4.79,,2008,9.75,,,,
2008-08-19,,8,0.1,,20,3.86,,,,1,21,6.02,,2008,8.77,,,,
2008-08-27,,8,0.1,,24,3.86,,,,0.74,24.74,4.62,,2008,9.49,,,,
2008-09-02,,9,0.11,0.002,25,3.86,,,,0.9,25.9,4.9,,2008,10.68,,,,
2008-09-10,,9,0.1,,20,3.86,,,,0.86,20.86,4.77,,2008,8.74,,,,
2008-09-17,,9,0.1,,21,3.86,,,,0.59,21.59,5.5,,2008,8.04,,,,
2008-09-24,,9,0.1,,21,3.86,,,,0.8,21.8,4.9,,2008,8.62,,,,
2008-10-02,,10,0.05,,22,3.86,,,,,,4.2,,2008,8.01,,,,
2008-10-06,,10,0.1,,,3.86,,,,1,1,,,2008,13.22,,,,
2008-10-07,,10,,,32,3.86,,,,0.81,32.81,5.21,,2008,7.83,,,,
2008-10-15,,10,0.1,,,3.86,,,,0.9,23.9,5.35,,2008,8.71,,,,
2008-10-22,,10,0.1,,22,3.86,,,,0.77,22.77,5.73,,2008,9.46,,,,
2008-10-28,,10,0.1,,27,3.86,,,,1.2,28.2,5.31,,2008,11.95,,,,
2008-11-04,,11,0.08,0.002,9,3.86,,,,1,10,3.9,,2008,17.63,,,,
2008-11-11,,11,0.1,,26,3.86,,,,,,4,,2008,12.32,,,,
2008-11-12,,11,0.1,,,3.86,,,,0.62,0.62,,,2008,13.01,,,,
2008-11-18,,11,0.1,,21,3.86,,,,0.96,21.96,4.1,,2008,17.48,,,,
2008-11-25,,11,0.18,,17,3.86,,,,0.6,17.6,4.4,,2008,13.86,,,,
2008-12-02,,12,0.1,0.002,20,3.86,,,,0.72,20.72,3.1,,2008,11.9,,,,
2008-12-09,,12,0.1,,13,3.86,,,,1.3,14.3,4,,2008,16.53,,,,
2008-12-16,,12,0.1,,20,3.86,,,,0.67,20.67,4,,2008,15.32,,,,
2009-01-01,,1,0.1,,11,3.86,,,,1.1,12.1,2,,2009,14.9,,,,
2009-01-02,,1,,,,3.86,,,,,,,,2009,15.08,,,,
2009-01-03,,1,,,,3.86,,,,,,,,2009,15.95,,,,
2009-01-04,,1,,,,3.86,,,,,,,,2009,17.15,,,,
2009-01-05,,1,,,,3.86,,,,,,,,2009,16.76,,,,
2009-01-06,,1,0.1,0.002,11,3.86,,,,0.88,11.88,3.5,,2009,15.8,,,,
2009-01-07,,1,,,,3.86,,,,,,,,2009,13.38,,,,
2009-01-08,,1,,,,3.86,,,,,,,,2009,13.05,,,,
2009-01-09,,1,,,,3.86,,,,,,,,2009,14.76,,,,
2009-01-10,,1,,,,3.86,,,,,,,,2009,15.95,,,,
2009-01-11,,1,,,,3.86,,,,,,,,2009,16.78,,,,
2009-01-12,,1,,,,3.86,,,,,,,,2009,14.85,,,,
2009-01-13,,1,0.1,,12,3.86,,,,0.71,12.71,,,2009,14.74,,,,
2009-01-14,,1,,,,3.86,,,,,,4.49,,2009,12.69,,,,
2009-01-15,,1,,,,3.86,,,,,,,,2009,14.25,,,,
2009-01-16,,1,,,20,3.86,,,,,,,,2009,12.5,,,,
2009-01-17,,1,,,,3.86,,,,,,,,2009,14.43,,,,
2009-01-18,,1,,,,3.86,,,,,,,,2009,16.76,,,,
2009-01-19,,1,,,,3.86,,,,,,4.58,,2009,15.95,,,,
2009-01-20,,1,0.1,,18,3.86,,,,0.76,18.76,,,2009,15.2,,,,
2009-01-21,,1,,,,3.86,,,,,,,,2009,12.57,,,,
2009-01-22,,1,,,,3.86,,,,,,,,2009,13.49,,,,
2009-01-23,,1,,,,3.86,,,,,,,,2009,17.88,,,,
2009-01-24,,1,,,,3.86,,,,,,,,2009,15.87,,,,
2009-01-25,,1,,,,3.86,,,,,,,,2009,14.22,,,,
2009-01-26,,1,,,,3.86,,,,,,3.63,,2009,3.65,,,,
2009-01-27,,1,,,,3.86,,,,,,,,2009,6.4,,,,
2009-01-28,,1,0.1,,15,3.86,,,,1.3,16.3,,,2009,14.75,,,,
2009-01-29,,1,,,,3.86,,,,,,,,2009,20.65,,,,
2009-01-30,,1,,,,3.86,,,,,,,,2009,20.08,,,,
2009-01-31,,1,,,,3.86,,,,,,,,2009,19.91,,,,
2009-02-01,,2,,,,3.86,,,,,,,,2009,15.65,,,,
2009-02-02,,2,,,,3.86,,,,,,3.49,,2009,8.42,,,,
2009-02-03,,2,0.1,,12,3.86,,,,1.1,13.1,,,2009,9.02,,,,
2009-02-04,,2,,,,3.86,,,,,,,,2009,9.72,,,,
2009-02-05,,2,,,,3.86,,,,,,,,2009,11.35,,,,
2009-02-06,,2,,,,3.86,,,,,,,,2009,13.87,,,,
2009-02-07,,2,,,,3.86,,,,,,,,2009,13.77,,,,
2009-02-08,,2,,,,3.86,,,,,,,,2009,13.1,,,,
2009-02-09,,2,,,,3.86,,,,,,,,2009,12.28,,,,
2009-02-10,,2,0.1,0.002,11,3.86,,,,0.96,11.96,3.8,,2009,14.43,,,,
2009-02-11,,2,,,,3.86,,,,,,,,2009,15.03,,,,
2009-02-12,,2,,,,3.86,,,,,,,,2009,15.13,,,,
2009-02-13,,2,,,,3.86,,,,,,,,2009,24.37,,,,
2009-02-14,,2,,,,3.86,,,,,,,,2009,28.49,,,,
2009-02-15,,2,,,,3.86,,,,,,,,2009,28.18,,,,
2009-02-16,,2,,,,3.86,,,,,,,,2009,29.22,,,,
2009-02-17,,2,,,,3.86,,,,,,,,2009,29.52,,,,
2009-02-18,,2,0.1,,11,3.86,,,,0.71,11.71,2.58,,2009,31.65,,,,
2009-02-19,,2,,,,3.86,,,,,,,,2009,28.77,,,,
2009-02-20,,2,,,,3.86,,,,,,,,2009,22,,,,
2009-02-21,,2,,,,3.86,,,,,,,,2009,20.03,,,,
2009-02-22,,2,,,,3.86,,,,,,,,2009,24.39,,,,
2009-02-23,,2,,,,3.86,,,,,,,,2009,30.27,,,,
2009-02-24,,2,0.1,,11,3.86,,,,0.97,11.97,3.38,,2009,30.78,,,,
2009-02-25,,2,,,,3.86,,,,,,,,2009,31.96,,,,
2009-02-26,,2,,,,3.86,,,,,,,,2009,31.98,,,,
2009-02-27,,2,,,,3.86,,,,,,,,2009,21.98,,,,
2009-02-28,,2,,,,3.86,,,,,,,,2009,22.35,,,,
2009-03-01,,3,,,,3.86,,,,,,,,2009,24.32,,,,
2009-03-02,,3,,,,3.86,,,,,,,,2009,23.67,,,,
2009-03-03,,3,0.1,0.002,8.6,3.86,,,,1.1,9.7,3.5,,2009,28.16,,,,
2009-03-04,,3,,,,3.86,,,,,,,,2009,31.73,,,,
2009-03-05,,3,,,,3.86,,,,,,,,2009,28.13,,,,
2009-03-06,,3,,,,3.86,,,,,,,,2009,25.03,,,,
2009-03-07,,3,,,,3.86,,,,,,,,2009,24.56,,,,
2009-03-08,,3,,,,3.86,,,,,,,,2009,21.01,,,,
2009-03-09,,3,,,,3.86,,,,,,,,2009,19.73,,,,
2009-03-10,,3,0.1,,11,3.86,,,,0.85,11.85,3.05,,2009,19.88,,,,
2009-03-11,,3,,,,3.86,,,,,,,,2009,21.68,,,,
2009-03-12,,3,,,,3.86,,,,,,,,2009,20.89,,,,
2009-03-13,,3,,,,3.86,,,,,,,,2009,17.63,,,,
2009-03-14,,3,,,,3.86,,,,,,,,2009,17.41,,,,
2009-03-15,,3,,,,3.86,,,,,,,,2009,14.33,,,,
2009-03-16,,3,,,,3.86,,,,,,,,2009,17.96,,,,
2009-03-17,,3,0.1,,13,3.86,,,,1,14,3.45,,2009,14.46,,,,
2009-03-18,,3,,,,3.86,,,,,,,,2009,19.96,,,,
2009-03-19,,3,,,,3.86,,,,,,,,2009,18.33,,,,
2009-03-20,,3,,,,3.86,,,,,,,,2009,17.97,,,,
2009-03-21,,3,,,,3.86,,,,,,,,2009,15.59,,,,
2009-03-22,,3,,,,3.86,,,,,,,,2009,16.55,,,,
2009-03-23,,3,,,,3.86,,,,,,,,2009,16.02,,,,
2009-03-24,,3,0.1,,14,3.86,,,,1.1,15.1,3.73,,2009,16,,,,
2009-03-25,,3,,,,3.86,,,,,,,,2009,15.25,,,,
2009-03-26,,3,,,,3.86,,,,,,,,2009,16.59,,,,
2009-03-27,,3,,,,3.86,,,,,,,,2009,8.57,,,,
2009-03-28,,3,,,,3.86,,,,,,,,2009,14.54,,,,
2009-03-29,,3,,,,3.86,,,,,,,,2009,15.86,,,,
2009-03-30,,3,,,,3.86,,,,,,,,2009,14.29,,,,
2009-03-31,,3,0.1,,12,3.86,,,,0.91,12.91,3.72,,2009,14.96,,,,
2009-04-01,,4,,,,3.86,,,,,,,,2009,15.17,,,,
2009-04-02,,4,0.11,0.004,9.2,3.86,,,,0.67,9.87,3.7,,2009,14.28,,,,
2009-04-03,,4,,,,3.86,,,,,,,,2009,13.96,,,,
2009-04-04,,4,,,,3.86,,,,,,,,2009,15.37,,,,
2009-04-05,,4,,,,3.86,,,,,,,,2009,14.58,,,,
2009-04-06,,4,,,,3.86,,,,,,,,2009,12.22,,,,
2009-04-07,,4,0.1,,12,3.86,,,,0.9,12.9,3.95,,2009,11.45,,,,
2009-04-08,,4,,,,3.86,,,,,,,,2009,17.73,,,,
2009-04-09,,4,,,,3.86,,,,,,,,2009,16.01,,,,
2009-04-10,,4,,,,3.86,,,,,,,,2009,14.15,,,,
2009-04-11,,4,,,,3.86,,,,,,,,2009,15.55,,,,
2009-04-12,,4,,,,3.86,,,,,,,,2009,13.57,,,,
2009-04-13,,4,,,,3.86,,,,,,,,2009,11.37,,,,
2009-04-14,,4,0.1,,,3.86,,,,,,3.73,,2009,15.85,,,,
2009-04-15,,4,,,,3.86,,,,,,,,2009,13.05,,,,
2009-04-16,,4,,,,3.86,,,,,,,,2009,13.87,,,,
2009-04-17,,4,0.1,,18,3.86,,,,1.2,19.2,,,2009,14.23,,,,
2009-04-18,,4,,,,3.86,,,,,,,,2009,14.04,,,,
2009-04-19,,4,,,,3.86,,,,,,,,2009,12.95,,,,
2009-04-20,,4,,,,3.86,,,,,,,,2009,13.78,,,,
2009-04-21,,4,0.1,,22,3.86,,,,0.81,22.81,5.67,,2009,15.09,,,,
2009-04-22,,4,,,,3.86,,,,,,,,2009,13.09,,,,
2009-04-23,,4,,,,3.86,,,,,,,,2009,13.09,,,,
2009-04-24,,4,,,,3.86,,,,,,,,2009,12.39,,,,
2009-04-25,,4,,,,3.86,,,,,,,,2009,13.5,,,,
2009-04-26,,4,,,,3.86,,,,,,,,2009,13.74,,,,
2009-04-27,,4,,,,3.86,,,,,,,,2009,15.11,,,,
2009-04-28,,4,0.1,,,3.86,,,,0.86,23.86,5.82,,2009,16.41,,,,
2009-04-29,,4,,,,3.86,,,,,,,,2009,5.89,,,,
2009-04-30,,4,,,,3.86,,,,,,,,2009,11.51,,,,
2009-05-01,,5,,,,3.86,,,,,,,,2009,12.86,,,,
2009-05-02,,5,,,,3.86,,,,,,,,2009,14.42,,,,
2009-05-03,,5,,,,3.86,,,,,,,,2009,16.7,,,,
2009-05-04,,5,,,,3.86,,,,,,,,2009,17.4,,,,
2009-05-05,,5,0.14,0.002,20,3.86,,,,1,21,4.1,,2009,14.57,,,,
2009-05-06,,5,,,,3.86,,,,,,,,2009,15.53,,,,
2009-05-07,,5,,,,3.86,,,,,,,,2009,18.16,,,,
2009-05-08,,5,,,,3.86,,,,,,,,2009,15.55,,,,
2009-05-09,,5,,,,3.86,,,,,,,,2009,15.18,,,,
2009-05-10,,5,,,,3.86,,,,,,,,2009,15.82,,,,
2009-05-11,,5,,,,3.86,,,,,,,,2009,12.9,,,,
2009-05-12,,5,0.1,,20,3.86,,,,0.64,20.64,4.38,,2009,12.39,,,,
2009-05-13,,5,,,,3.86,,,,,,,,2009,13.11,,,,
2009-05-14,,5,,,,3.86,,,,,,,,2009,11.69,,,,
2009-05-15,,5,,,,3.86,,,,,,,,2009,13.15,,,,
2009-05-16,,5,,,,3.86,,,,,,,,2009,13.55,,,,
2009-05-17,,5,,,,3.86,,,,,,,,2009,15.69,,,,
2009-05-18,,5,,,,3.86,,,,,,,,2009,14.28,,,,
2009-05-19,,5,0.1,,20,3.86,,,,1.1,21.1,5.32,,2009,11.88,,,,
2009-05-20,,5,,,,3.86,,,,,,,,2009,13.82,,,,
2009-05-21,,5,,,,3.86,,,,,,,,2009,11.47,,,,
2009-05-22,,5,,,,3.86,,,,,,,,2009,10.4,,,,
2009-05-23,,5,,,,3.86,,,,,,,,2009,14.56,,,,
2009-05-24,,5,,,,3.86,,,,,,,,2009,13.79,,,,
2009-05-25,,5,,,,3.86,,,,,,,,2009,11.32,,,,
2009-05-26,,5,0.1,,33,3.86,,,,0.77,33.77,5.09,,2009,12.63,,,,
2009-05-27,,5,,,,3.86,,,,,,,,2009,11.75,,,,
2009-05-28,,5,,,,3.86,,,,,,,,2009,12.52,,,,
2009-05-29,,5,,,,3.86,,,,,,,,2009,10.72,,,,
2009-05-30,,5,,,,3.86,,,,,,,,2009,14.12,,,,
2009-05-31,,5,,,,3.86,,,,,,,,2009,14.66,,,,
2009-06-01,,6,,,,3.86,,,,,,,,2009,9.97,,,,
2009-06-02,,6,0.1,0.002,,3.86,,,,0.89,23.89,5.2,,2009,10.85,,,,
2009-06-03,,6,,,,3.86,,,,,,,,2009,9.95,,,,
2009-06-04,,6,,,,3.86,,,,,,,,2009,9.91,,,,
2009-06-05,,6,,,,3.86,,,,,,,,2009,9.8,,,,
2009-06-06,,6,,,,3.86,,,,,,,,2009,10.9,,,,
2009-06-07,,6,,,,3.86,,,,,,,,2009,12.46,,,,
2009-06-08,,6,,,,3.86,,,,,,,,2009,10.25,,,,
2009-06-09,,6,0.1,,29,3.86,,,,1.2,30.2,5.3,,2009,8.64,,,,
2009-06-10,,6,,,,3.86,,,,,,,,2009,11.5,,,,
2009-06-11,,6,,,,3.86,,,,,,,,2009,10.15,,,,
2009-06-12,,6,,,,3.86,,,,,,,,2009,9.68,,,,
2009-06-13,,6,,,,3.86,,,,,,,,2009,9.83,,,,
2009-06-14,,6,,,,3.86,,,,,,,,2009,12.31,,,,
2009-06-15,,6,,,,3.86,,,,,,,,2009,7.36,,,,
2009-06-16,,6,0.1,,30,3.86,,,,0.82,30.82,5.79,,2009,15.47,,,,
2009-06-17,,6,,,,3.86,,,,,,,,2009,12.02,,,,
2009-06-18,,6,,,,3.86,,,,,,,,2009,9.93,,,,
2009-06-19,,6,,,,3.86,,,,,,,,2009,8.18,,,,
2009-06-20,,6,,,,3.86,,,,,,,,2009,12.57,,,,
2009-06-21,,6,,,,3.86,,,,,,,,2009,10.28,,,,
2009-06-22,,6,,,,3.86,,,,,,,,2009,10.49,,,,
2009-06-23,,6,0.1,,29,3.86,,,,0.92,29.92,5.5,,2009,11.35,,,,
2009-06-24,,6,,,,3.86,,,,,,,,2009,10.31,,,,
2009-06-25,,6,,,,3.86,,,,,,,,2009,12.84,,,,
2009-06-26,,6,,,,3.86,,,,,,,,2009,10.09,,,,
2009-06-27,,6,,,,3.86,,,,,,,,2009,10.97,,,,
2009-06-28,,6,,,,3.86,,,,,,,,2009,12.69,,,,
2009-06-29,,6,,,,3.86,,,,,,,,2009,12.09,,,,
2009-06-30,,6,0.1,,28,3.86,,,,1.1,29.1,5.34,,2009,12.56,,,,
2009-07-01,,7,,,,3.86,,,,,,,,2009,8.13,,,,
2009-07-02,,7,,,,3.86,,,,,,,,2009,9.57,,,,
2009-07-03,,7,,,,3.86,,,,,,,,2009,9.81,,,,
2009-07-04,,7,,,,3.86,,,,,,,,2009,13.67,,,,
2009-07-05,,7,,,,3.86,,,,,,,,2009,11.83,,,,
2009-07-06,,7,,,,3.86,,,,,,,,2009,10.15,,,,
2009-07-07,,7,0.1,0.004,28,3.86,,,,0.75,28.75,5,,2009,12.96,,,,
2009-07-08,,7,,,,3.86,,,,,,,,2009,10.79,,,,
2009-07-09,,7,,,,3.86,,,,,,,,2009,6.44,,,,
2009-07-10,,7,,,,3.86,,,,,,,,2009,6.98,,,,
2009-07-11,,7,,,,3.86,,,,,,,,2009,11.82,,,,
2009-07-12,,7,,,,3.86,,,,,,,,2009,14.01,,,,
2009-07-13,,7,,,,3.86,,,,,,,,2009,10.99,,,,
2009-07-14,,7,0.1,,25,3.86,,,,0.77,25.77,4.8,,2009,9.09,,,,
2009-07-15,,7,,,,3.86,,,,,,,,2009,6.46,,,,
2009-07-16,,7,,,,3.86,,,,,,,,2009,6.91,,,,
2009-07-17,,7,,,,3.86,,,,,,,,2009,9.85,,,,
2009-07-18,,7,,,,3.86,,,,,,,,2009,12.18,,,,
2009-07-19,,7,,,,3.86,,,,,,,,2009,13.47,,,,
2009-07-20,,7,,,,3.86,,,,,,,,2009,10.47,,,,
2009-07-21,,7,,,26,3.86,,,,0.59,26.59,4.9,,2009,8,,,,
2009-07-22,,7,,,,3.86,,,,,,,,2009,8.29,,,,
2009-07-23,,7,0.1,,,3.86,,,,,,,,2009,8.59,,,,
2009-07-24,,7,,,,3.86,,,,,,,,2009,9.64,,,,
2009-07-25,,7,,,,3.86,,,,,,,,2009,9.08,,,,
2009-07-26,,7,,,,3.86,,,,,,,,2009,11.89,,,,
2009-07-27,,7,,,,3.86,,,,,,,,2009,10.93,,,,
2009-07-28,,7,0.1,,21,3.86,,,,0.45,21.45,4.48,,2009,9.92,,,,
2009-07-29,,7,,,,3.86,,,,,,,,2009,10.78,,,,
2009-07-30,,7,,,,3.86,,,,,,,,2009,9.59,,,,
2009-07-31,,7,,,,3.86,,,,,,,,2009,8.31,,,,
2009-08-01,,8,,,,3.86,,,,,,,,2009,11.98,,,,
2009-08-02,,8,,,,3.86,,,,,,,,2009,12.68,,,,
2009-08-03,,8,,,,3.86,,,,,,,,2009,10.74,,,,
2009-08-04,,8,0.06,0.002,24,3.86,,,,0.59,24.59,5.2,,2009,12,,,,
2009-08-05,,8,,,,3.86,,,,,,,,2009,11.97,,,,
2009-08-06,,8,,,,3.86,,,,,,,,2009,8.28,,,,
2009-08-07,,8,,,,3.86,,,,,,,,2009,8.96,,,,
2009-08-08,,8,,,,3.86,,,,,,,,2009,12.2,,,,
2009-08-09,,8,,,,3.86,,,,,,,,2009,11.92,,,,
2009-08-10,,8,,,,3.86,,,,,,,,2009,9.41,,,,
2009-08-11,,8,0.1,,30,3.86,,,,0.49,30.49,4.47,,2009,9.56,,,,
2009-08-12,,8,,,,3.86,,,,,,,,2009,10.3,,,,
2009-08-13,,8,,,,3.86,,,,,,,,2009,11.02,,,,
2009-08-14,,8,,,,3.86,,,,,,,,2009,9.36,,,,
2009-08-15,,8,,,,3.86,,,,,,,,2009,9.23,,,,
2009-08-16,,8,,,,3.86,,,,,,,,2009,8.51,,,,
2009-08-17,,8,,,,3.86,,,,,,,,2009,11.43,,,,
2009-08-18,,8,0.1,,28,3.86,,,,0.62,28.62,4.74,,2009,9.7,,,,
2010-01-01,,1,,,,3.86,,,,,,,,2010,13.81,,,,
2010-01-02,,1,,,,3.86,,,,,,,,2010,14.25,,,,
2010-01-03,,1,,,,3.86,,,,,,,,2010,15.85,,,,
2010-01-04,,1,0.1,0.002,15,3.86,,,,1.4,16.4,4.3,,2010,13.37,,,,
2010-01-05,,1,,,,3.86,,,,,,,,2010,13.53,,,,
2010-01-06,,1,,,,3.86,,,,,,,,2010,14.25,,,,
2010-01-07,,1,,,,3.86,,,,,,,,2010,14.44,,,,
2010-01-08,,1,,,,3.86,,,,,,,,2010,13.45,,,,
2010-01-09,,1,,,,3.86,,,,,,,,2010,12.98,,,,
2010-01-10,,1,,,,3.86,,,,,,,,2010,13.48,,,,
2010-01-11,,1,0.1,,13,3.86,,,,0.91,13.91,4.75,,2010,14.45,,,,
2010-01-12,,1,,,,3.86,,,,,,,,2010,14.35,,,,
2010-01-13,,1,,,,3.86,,,,,,,,2010,14.35,,,,
2010-01-14,,1,,,,3.86,,,,,,,,2010,15.61,,,,
2010-01-15,,1,,,,3.86,,,,,,,,2010,17.46,,,,
2010-01-16,,1,,,,3.86,,,,,,,,2010,18.04,,,,
2010-01-17,,1,,,,3.86,,,,,,,,2010,12.65,,,,
2010-01-18,,1,0.1,,18,3.86,,,,1.6,19.6,5,,2010,18.47,,,,
2010-01-19,,1,,,,3.86,,,,,,,,2010,23.56,,,,
2010-01-20,,1,,,,3.86,,,,,,,,2010,30.9,,,,
2010-01-21,,1,,,,3.86,,,,,,,,2010,31.44,,,,
2010-01-22,,1,,,,3.86,,,,,,,,2010,30.91,,,,
2010-01-23,,1,,,,3.86,,,,,,,,2010,30.74,,,,
2010-01-24,,1,,,,3.86,,,,,,,,2010,31.01,,,,
2010-01-25,,1,0.1,,11,3.86,,,,0.9,11.9,2.3,,2010,31.22,,,,
2010-01-26,,1,,,,3.86,,,,,,,,2010,31.98,,,,
2010-01-27,,1,,,,3.86,,,,,,,,2010,29.27,,,,
2010-01-28,,1,,,,3.86,,,,,,,,2010,28.64,,,,
2010-01-29,,1,,,,3.86,,,,,,,,2010,21.78,,,,
2010-01-30,,1,,,,3.86,,,,,,,,2010,21.73,,,,
2010-01-31,,1,,,,3.86,,,,,,,,2010,21.52,,,,
2010-02-01,,2,0.1,0.002,11,3.86,,,,0.85,11.85,2.9,,2010,22.76,,,,
2010-02-02,,2,,,,3.86,,,,,,,,2010,18,,,,
2010-02-03,,2,,,,3.86,,,,,,,,2010,20.05,,,,
2010-02-04,,2,,,,3.86,,,,,,,,2010,17.68,,,,
2010-02-05,,2,,,,3.86,,,,,,,,2010,20.31,,,,
2010-02-06,,2,,,,3.86,,,,,,,,2010,21.51,,,,
2010-02-07,,2,,,,3.86,,,,,,,,2010,21.03,,,,
2010-02-08,,2,0.1,,13,3.86,,,,0.63,13.63,3.1,,2010,23.64,,,,
2010-02-09,,2,,,,3.86,,,,,,,,2010,21.47,,,,
2010-02-10,,2,,,,3.86,,,,,,,,2010,17.24,,,,
2010-02-11,,2,,,,3.86,,,,,,,,2010,17.52,,,,
2010-02-12,,2,,,,3.86,,,,,,,,2010,19.06,,,,
2010-02-13,,2,,,,3.86,,,,,,,,2010,19.31,,,,
2010-02-14,,2,,,,3.86,,,,,,,,2010,14.91,,,,
2010-02-15,,2,0.1,,17,3.86,,,,1.1,18.1,3.96,,2010,19.13,,,,
2010-02-16,,2,,,,3.86,,,,,,,,2010,19.24,,,,
2010-02-17,,2,,,,3.86,,,,,,,,2010,19.11,,,,
2010-02-18,,2,,,,3.86,,,,,,,,2010,14.69,,,,
2010-02-19,,2,,,,3.86,,,,,,,,2010,18.6,,,,
2010-02-20,,2,,,,3.86,,,,,,,,2010,17.56,,,,
2010-02-21,,2,,,,3.86,,,,,,,,2010,16.25,,,,
2010-02-22,,2,0.1,,16,3.86,,,,0.88,16.88,3.82,,2010,18.13,,,,
2010-02-23,,2,,,,3.86,,,,,,,,2010,17.26,,,,
2010-02-24,,2,,,,3.86,,,,,,,,2010,24.84,,,,
2010-02-25,,2,,,,3.86,,,,,,,,2010,23.93,,,,
2010-02-26,,2,,,,3.86,,,,,,,,2010,22.21,,,,
2010-02-27,,2,,,,3.86,,,,,,,,2010,25.21,,,,
2010-02-28,,2,,,,3.86,,,,,,,,2010,25.17,,,,
2010-03-01,,3,0.1,0.002,8.3,3.86,,,,0.87,9.17,1.5,,2010,21.81,,,,
2010-03-02,,3,,,,3.86,,,,,,,,2010,22.09,,,,
2010-03-03,,3,,,,3.86,,,,,,,,2010,23.91,,,,
2010-03-04,,3,,,,3.86,,,,,,,,2010,25.37,,,,
2010-03-05,,3,,,,3.86,,,,,,,,2010,25.06,,,,
2010-03-06,,3,,,,3.86,,,,,,,,2010,21.06,,,,
2010-03-07,,3,,,,3.86,,,,,,,,2010,22.02,,,,
2010-03-08,,3,0.1,,11,3.86,,,,0.77,11.77,2.86,,2010,20.89,,,,
2010-03-09,,3,,,,3.86,,,,,,,,2010,16.07,,,,
2010-03-10,,3,,,,3.86,,,,,,,,2010,13.8,,,,
2010-03-11,,3,,,,3.86,,,,,,,,2010,22.21,,,,
2010-03-12,,3,,,,3.86,,,,,,,,2010,21.33,,,,
2010-03-13,,3,,,,3.86,,,,,,,,2010,19.33,,,,
2010-03-14,,3,,,,3.86,,,,,,,,2010,20.62,,,,
2010-03-15,,3,0.1,,12,3.86,,,,0.81,12.81,2.85,,2010,18.96,,,,
2010-03-16,,3,,,,3.86,,,,,,,,2010,16.96,,,,
2010-03-17,,3,,,,3.86,,,,,,,,2010,18.09,,,,
2010-03-18,,3,,,,3.86,,,,,,,,2010,15.2,,,,
2010-03-19,,3,,,,3.86,,,,,,,,2010,17.24,,,,
2010-03-20,,3,,,,3.86,,,,,,,,2010,17.28,,,,
2010-03-21,,3,,,,3.86,,,,,,,,2010,13.54,,,,
2010-03-22,,3,0.1,,13,3.86,,,,0.85,13.85,3.69,,2010,20.78,,,,
2010-03-23,,3,,,,3.86,,,,,,,,2010,18.07,,,,
2010-03-24,,3,,,,3.86,,,,,,,,2010,13.48,,,,
2010-03-25,,3,,,,3.86,,,,,,,,2010,19.34,,,,
2010-03-26,,3,,,,3.86,,,,,,,,2010,16.26,,,,
2010-03-27,,3,,,,3.86,,,,,,,,2010,16.06,,,,
2010-03-28,,3,,,,3.86,,,,,,,,2010,19.29,,,,
2010-03-29,,3,,,,3.86,,,,,,,,2010,18.07,,,,
2010-03-30,,3,,,,3.86,,,,,,,,2010,15.19,,,,
2010-03-31,,3,,,,3.86,,,,,,,,2010,11.81,,,,
2010-04-01,,4,,,,3.86,,,,,,,,2010,15.52,,,,
2010-04-02,,4,,,,3.86,,,,,,,,2010,15.51,,,,
2010-04-03,,4,,,,3.86,,,,,,,,2010,16.22,,,,
2010-04-04,,4,,,,3.86,,,,,,,,2010,18.28,,,,
2010-04-05,,4,0.1,,13,3.86,,,,0.66,13.66,3.42,,2010,17,,,,
2010-04-06,,4,,,,3.86,,,,,,,,2010,15.73,,,,
2010-04-07,,4,,,,3.86,,,,,,,,2010,16.3,,,,
2010-04-08,,4,,,,3.86,,,,,,,,2010,17.02,,,,
2010-04-09,,4,,,,3.86,,,,,,,,2010,17.17,,,,
2010-04-10,,4,,,,3.86,,,,,,,,2010,16.62,,,,
2010-04-11,,4,,,,3.86,,,,,,,,2010,20.32,,,,
2010-04-12,,4,0.1,,11,3.86,,,,1.2,12.2,2.67,,2010,23.16,,,,
2010-04-13,,4,,,,3.86,,,,,,,,2010,20.56,,,,
2010-04-14,,4,,,,3.86,,,,,,,,2010,15.18,,,,
2010-04-15,,4,,,,3.86,,,,,,,,2010,17.59,,,,
2010-04-16,,4,,,,3.86,,,,,,,,2010,17.37,,,,
2010-04-17,,4,,,,3.86,,,,,,,,2010,16.8,,,,
2010-04-18,,4,,,,3.86,,,,,,,,2010,20.94,,,,
2010-04-19,,4,0.1,,15,3.86,,,,0.76,15.76,3.35,,2010,18.69,,,,
2010-04-20,,4,,,,3.86,,,,,,,,2010,17.47,,,,
2010-04-21,,4,,,,3.86,,,,,,,,2010,18.71,,,,
2010-04-22,,4,,,,3.86,,,,,,,,2010,16.43,,,,
2010-04-23,,4,,,,3.86,,,,,,,,2010,17.16,,,,
2010-04-24,,4,,,,3.86,,,,,,,,2010,16.87,,,,
2010-04-25,,4,,,,3.86,,,,,,,,2010,18.74,,,,
2010-04-26,,4,0.1,,14.3,3.86,,,,0.82,15.12,2.94,,2010,18.45,,,,
2010-04-27,,4,,,,3.86,,,,,,,,2010,15.57,,,,
2010-04-28,,4,,,,3.86,,,,,,,,2010,11.84,,,,
2010-04-29,,4,,,,3.86,,,,,,,,2010,15.2,,,,
2010-04-30,,4,,,,3.86,,,,,,,,2010,15.36,,,,
2010-05-01,,5,,,,3.86,,,,,,,,2010,15.83,,,,
2010-05-02,,5,,,,3.86,,,,,,,,2010,16.97,,,,
2010-05-03,,5,0.1,0.002,11,3.86,,,,0.9,11.9,3.7,,2010,14.51,,,,
2010-05-04,,5,,,,3.86,,,,,,,,2010,8.79,,,,
2010-05-05,,5,,,,3.86,,,,,,,,2010,12.57,,,,
2010-05-06,,5,,,,3.86,,,,,,,,2010,12.82,,,,
2010-05-07,,5,,,,3.86,,,,,,,,2010,13.45,,,,
2010-05-08,,5,,,,3.86,,,,,,,,2010,14.73,,,,
2010-05-09,,5,,,,3.86,,,,,,,,2010,16.02,,,,
2010-05-10,,5,0.1,,13,3.86,,,,1.1,14.1,3.3,,2010,14.4,,,,
2010-05-11,,5,0.1,,,3.86,,,,,,,,2010,12.64,,,,
2010-05-12,,5,,,,3.86,,,,,,,,2010,13.14,,,,
2010-05-13,,5,,,,3.86,,,,,,,,2010,13.59,,,,
2010-05-14,,5,,,,3.86,,,,,,,,2010,12.58,,,,
2010-05-15,,5,,,,3.86,,,,,,,,2010,14.01,,,,
2010-05-16,,5,,,,3.86,,,,,,,,2010,15.02,,,,
2010-05-17,,5,0.1,,11,3.86,,,,0.99,11.99,3.2,,2010,15.12,,,,
2010-05-18,,5,,,,3.86,,,,,,,,2010,14.58,,,,
2010-05-19,,5,,,,3.86,,,,,,,,2010,12.14,,,,
2010-05-20,,5,,,,3.86,,,,,,,,2010,11.83,,,,
2010-05-21,,5,,,,3.86,,,,,,,,2010,11.5,,,,
2010-05-22,,5,,,,3.86,,,,,,,,2010,12.19,,,,
2010-05-23,,5,,,,3.86,,,,,,,,2010,12.6,,,,
2010-05-24,,5,0.1,,15,3.86,,,,0.83,15.83,4.3,,2010,10.51,,,,
2010-05-25,,5,,,,3.86,,,,,,,,2010,12.16,,,,
2010-05-26,,5,,,,3.86,,,,,,,,2010,10.36,,,,
2010-05-27,,5,,,,3.86,,,,,,,,2010,13.07,,,,
2010-05-28,,5,,,,3.86,,,,,,,,2010,14.93,,,,
2010-05-29,,5,,,,3.86,,,,,,,,2010,13.59,,,,
2010-05-30,,5,,,,3.86,,,,,,,,2010,11.51,,,,
2010-05-31,,5,0.1,,,3.86,,,,,,,,2010,12.37,,,,
2010-06-01,,6,0.2,0.002,11,3.86,,,,0.87,11.87,3.4,,2010,11.17,,,,
2010-06-02,,6,,,,3.86,,,,,,,,2010,11.21,,,,
2010-06-03,,6,,,,3.86,,,,,,,,2010,12.51,,,,
2010-06-04,,6,,,,3.86,,,,,,,,2010,12.66,,,,
2010-06-05,,6,,,,3.86,,,,,,,,2010,13.24,,,,
2010-06-06,,6,,,,3.86,,,,,,,,2010,14.76,,,,
2010-06-07,,6,,,,3.86,,,,,,,,2010,13.48,,,,
2010-06-08,,6,,,,3.86,,,,,,,,2010,11.58,,,,
2010-06-09,,6,0.1,,11,3.86,,,,0.86,11.86,3.16,,2010,9.34,,,,
2010-06-10,,6,,,,3.86,,,,,,,,2010,11.25,,,,
2010-06-11,,6,,,,3.86,,,,,,,,2010,12.36,,,,
2010-06-12,,6,,,,3.86,,,,,,,,2010,12.53,,,,
2010-06-13,,6,,,,3.86,,,,,,,,2010,13.41,,,,
2010-06-14,,6,0.1,,11,3.86,,,,0.78,11.78,3.54,,2010,13.29,,,,
2010-06-15,,6,,,,3.86,,,,,,,,2010,9.69,,,,
2010-06-16,,6,,,,3.86,,,,,,,,2010,6.36,,,,
2010-06-17,,6,,,,3.86,,,,,,,,2010,11.15,,,,
2010-06-18,,6,,,,3.86,,,,,,,,2010,13.91,,,,
2010-06-19,,6,,,,3.86,,,,,,,,2010,15.11,,,,
2010-06-20,,6,,,,3.86,,,,,,,,2010,14.1,,,,
2010-06-21,,6,0.1,,12,3.86,,,,1.2,13.2,3.78,,2010,9.34,,,,
2010-06-22,,6,,,,3.86,,,,,,,,2010,10.4,,,,
2010-06-23,,6,,,,3.86,,,,,,,,2010,11.05,,,,
2010-06-24,,6,,,,3.86,,,,,,,,2010,9.97,,,,
2010-06-25,,6,,,,3.86,,,,,,,,2010,10.39,,,,
2010-06-26,,6,,,,3.86,,,,,,,,2010,13.86,,,,
2010-06-27,,6,,,,3.86,,,,,,,,2010,11.64,,,,
2010-06-28,,6,0.1,,16,3.86,,,,0.7,16.7,3.92,,2010,12.27,,,,
2010-06-29,,6,,,,3.86,,,,,,,,2010,10.62,,,,
2010-06-30,,6,,,,3.86,,,,,,,,2010,11.33,,,,
2010-07-01,,7,,,,3.86,,,,,,,,2010,9.43,,,,
2010-07-02,,7,,,,3.86,,,,,,,,2010,12.84,,,,
2010-07-03,,7,,,,3.86,,,,,,,,2010,12.45,,,,
2010-07-04,,7,,,,3.86,,,,,,,,2010,13.75,,,,
2010-07-05,,7,,,,3.86,,,,,,,,2010,13.27,,,,
2010-07-06,,7,0.2,0.002,13,3.86,,,,0.71,13.71,3.5,,2010,8.67,,,,
2010-07-07,,7,,,,3.86,,,,,,,,2010,9.82,,,,
2010-07-08,,7,,,,3.86,,,,,,,,2010,9.96,,,,
2010-07-09,,7,,,,3.86,,,,,,,,2010,10.26,,,,
2010-07-10,,7,,,,3.86,,,,,,,,2010,14.69,,,,
2010-07-11,,7,,,,3.86,,,,,,,,2010,13.41,,,,
2010-07-12,,7,0.1,,15,3.86,,,,0.78,15.78,3.78,,2010,11.94,,,,
2010-07-13,,7,,,,3.86,,,,,,,,2010,11.69,,,,
2010-07-14,,7,,,,3.86,,,,,,,,2010,11.86,,,,
2010-07-15,,7,,,,3.86,,,,,,,,2010,6.83,,,,
2010-07-16,,7,,,,3.86,,,,,,,,2010,7.15,,,,
2010-07-17,,7,,,,3.86,,,,,,,,2010,13.64,,,,
2010-07-18,,7,,,,3.86,,,,,,4,,2010,14.01,,,,
2010-07-19,,7,0.1,,13,3.86,,,,0.81,13.81,,,2010,12.1,,,,
2010-07-20,,7,,,,3.86,,,,,,,,2010,12.55,,,,
2010-07-21,,7,,,,3.86,,,,,,,,2010,11.39,,,,
2010-07-22,,7,,,,3.86,,,,,,,,2010,7.31,,,,
2010-07-23,,7,,,,3.86,,,,,,,,2010,11.46,,,,
2010-07-24,,7,,,,3.86,,,,,,,,2010,12.29,,,,
2010-07-25,,7,,,,3.86,,,,,,,,2010,15.34,,,,
2010-07-26,,7,0.1,,16,3.86,,,,0.82,16.82,3.9,,2010,11.76,,,,
2010-07-27,,7,,,,3.86,,,,,,,,2010,11.98,,,,
2010-07-28,,7,,,,3.86,,,,,,,,2010,13.12,,,,
2010-07-29,,7,,,,3.86,,,,,,,,2010,12.67,,,,
2010-07-30,,7,,,,3.86,,,,,,,,2010,11.4,,,,
2010-07-31,,7,,,,3.86,,,,,,,,2010,10.26,,,,
2010-08-01,,8,,,,3.86,,,,,,,,2010,11.45,,,,
2010-08-02,,8,0.1,0.002,11,3.86,,,,0.81,11.81,3.7,,2010,10.72,,,,
2010-08-03,,8,,,,3.86,,,,,,,,2010,12.06,,,,
2010-08-04,,8,,,,3.86,,,,,,,,2010,12.38,,,,
2010-08-05,,8,,,,3.86,,,,,,,,2010,10.74,,,,
2010-08-06,,8,,,,3.86,,,,,,,,2010,11.54,,,,
2010-08-07,,8,,,,3.86,,,,,,,,2010,10.98,,,,
2010-08-08,,8,,,,3.86,,,,,,,,2010,14.2,,,,
2010-08-09,,8,0.1,,13,3.86,,,,0.93,13.93,4.2,,2010,12.21,,,,
2010-08-10,,8,,,,3.86,,,,,,,,2010,9.96,,,,
2010-08-11,,8,,,,3.86,,,,,,,,2010,11.3,,,,
2010-08-12,,8,,,,3.86,,,,,,,,2010,11.54,,,,
2010-08-13,,8,,,,3.86,,,,,,,,2010,9.66,,,,
2010-08-14,,8,,,,3.86,,,,,,,,2010,13.66,,,,
2010-08-15,,8,,,,3.86,,,,,,4.16,,2010,14.09,,,,
2010-08-16,,8,0.1,,13,3.86,,,,0.72,13.72,,,2010,13.52,,,,
2010-08-17,,8,,,,3.86,,,,,,,,2010,11.75,,,,
2010-08-18,,8,,,,3.86,,,,,,,,2010,13.19,,,,
2010-08-19,,8,,,,3.86,,,,,,,,2010,9.75,,,,
2010-08-20,,8,,,,3.86,,,,,,,,2010,9.02,,,,
2010-08-21,,8,,,,3.86,,,,,,,,2010,14.19,,,,
2010-08-22,,8,,,,3.86,,,,,,,,2010,14.28,,,,
2010-08-23,,8,0.1,,16,3.86,,,,0.72,16.72,4.21,,2010,13.14,,,,
2010-08-24,,8,,,,3.86,,,,,,,,2010,10.55,,,,
2010-08-25,,8,,,,3.86,,,,,,,,2010,12.85,,,,
2010-08-26,,8,,,16,3.86,,,,0.82,16.82,,,2010,11.25,,,,
2010-08-27,,8,,,,3.86,,,,,,,,2010,9.71,,,,
2010-08-28,,8,,,,3.86,,,,,,,,2010,13.83,,,,
2010-08-29,,8,,,,3.86,,,,,,,,2010,14.07,,,,
2010-08-30,,8,0.1,,18,3.86,,,,0.74,18.74,3.93,,2010,11.54,,,,
2010-08-31,,8,,,,3.86,,,,,,,,2010,9.52,,,,
2010-09-01,,9,,,,3.86,,,,,,,,2010,7.91,,,,
2010-09-02,,9,,,,3.86,,,,,,,,2010,8.63,,,,
2010-09-03,,9,,,,3.86,,,,,,,,2010,8.73,,,,
2010-09-04,,9,,,,3.86,,,,,,,,2010,14.72,,,,
2010-09-05,,9,,,,3.86,,,,,,,,2010,16.49,,,,
2010-09-06,,9,0.1,0.002,14,3.86,,,,0.07,14.07,2.7,,2010,13.99,,,,
2010-09-07,,9,,,,3.86,,,,,,,,2010,14.66,,,,
2010-09-08,,9,,,,3.86,,,,,,,,2010,10.17,,,,
2010-09-09,,9,,,,3.86,,,,,,,,2010,7.59,,,,
2010-09-10,,9,,,,3.86,,,,,,,,2010,7.14,,,,
2010-09-11,,9,,,,3.86,,,,,,,,2010,9.98,,,,
2010-09-12,,9,,,,3.86,,,,,,,,2010,14.54,,,,
2010-09-13,,9,,,,3.86,,,,,,,,2010,9.65,,,,
2010-09-14,,9,0.1,,21,3.86,,,,0.55,21.55,3.65,,2010,7.71,,,,
2010-09-15,,9,,,,3.86,,,,,,,,2010,8.35,,,,
2010-09-16,,9,,,,3.86,,,,,,,,2010,11.29,,,,
2010-09-17,,9,,,,3.86,,,,,,,,2010,11.14,,,,
2010-09-18,,9,,,,3.86,,,,,,,,2010,12.6,,,,
2010-09-19,,9,,,,3.86,,,,,,,,2010,11.49,,,,
2010-09-20,,9,0.1,,17,3.86,,,,0.59,17.59,4.01,,2010,11.03,,,,
2010-09-21,,9,,,,3.86,,,,,,,,2010,10.8,,,,
2010-09-22,,9,,,,3.86,,,,,,,,2010,9.95,,,,
2010-09-23,,9,,,,3.86,,,,,,,,2010,9.93,,,,
2010-09-24,,9,,,,3.86,,,,,,,,2010,11.19,,,,
2010-09-25,,9,,,,3.86,,,,,,,,2010,11.49,,,,
2010-09-26,,9,,,,3.86,,,,,,,,2010,11.95,,,,
2010-09-27,,9,0.1,,19,3.86,,,,0.42,19.42,3.95,,2010,11.03,,,,
2010-09-28,,9,,,,3.86,,,,,,,,2010,10.95,,,,
2010-09-29,,9,,,,3.86,,,,,,,,2010,7.48,,,,
2010-09-30,,9,,,,3.86,,,,,,,,2010,10.84,,,,
2010-10-01,,10,,,,3.86,,,,,,,,2010,12.09,,,,
2010-10-02,,10,,,,3.86,,,,,,,,2010,10.76,,,,
2010-10-03,,10,,,,3.86,,,,,,,,2010,9,,,,
2010-10-04,,10,0.16,0.002,15,3.86,,,,0.93,15.93,3.2,,2010,10.32,,,,
2010-10-05,,10,,,,3.86,,,,,,,,2010,9.24,,,,
2010-10-06,,10,,,,3.86,,,,,,,,2010,6.85,,,,
2010-10-07,,10,,,,3.86,,,,,,,,2010,8.57,,,,
2010-10-08,,10,,,,3.86,,,,,,,,2010,10.77,,,,
2010-10-09,,10,,,,3.86,,,,,,,,2010,11.2,,,,
2010-10-10,,10,,,,3.86,,,,,,,,2010,9.8,,,,
2010-10-11,,10,0.1,,19,3.86,,,,0.9,19.9,3.9,,2010,10.68,,,,
2010-10-12,,10,,,,3.86,,,,,,,,2010,9.08,,,,
2010-10-13,,10,,,,3.86,,,,,,,,2010,10.75,,,,
2010-10-14,,10,,,,3.86,,,,,,,,2010,9.46,,,,
2010-10-15,,10,,,,3.86,,,,,,,,2010,8.03,,,,
2010-10-16,,10,,,,3.86,,,,,,,,2010,9.95,,,,
2010-10-17,,10,,,,3.86,,,,,,,,2010,11.52,,,,
2010-10-18,,10,0.1,,18,3.86,,,,1.1,19.1,5.2,,2010,12.54,,,,
2010-10-19,,10,,,,3.86,,,,,,,,2010,13.8,,,,
2010-10-20,,10,,,,3.86,,,,,,,,2010,12.48,,,,
2010-10-21,,10,,,,3.86,,,,,,,,2010,12.32,,,,
2010-10-22,,10,,,,3.86,,,,,,,,2010,12.46,,,,
2010-10-23,,10,,,,3.86,,,,,,,,2010,13.71,,,,
2010-10-24,,10,,,,3.86,,,,,,,,2010,20.41,,,,
2010-10-25,,10,0.1,,15,3.86,,,,0.7,15.7,3.5,,2010,15.42,,,,
2010-10-26,,10,,,,3.86,,,,,,,,2010,16.78,,,,
2010-10-27,,10,,,,3.86,,,,,,,,2010,17.45,,,,
2010-10-28,,10,,,,3.86,,,,,,,,2010,13.51,,,,
2010-10-29,,10,,,,3.86,,,,,,,,2010,14.7,,,,
2010-10-30,,10,,,,3.86,,,,,,,,2010,14.65,,,,
2010-10-31,,10,,,,3.86,,,,,,,,2010,15.83,,,,
2010-11-01,,11,0.1,0.002,10,3.86,,,,0.69,10.69,3.3,,2010,15.91,,,,
2010-11-02,,11,,,,3.86,,,,,,,,2010,9.32,,,,
2010-11-03,,11,,,,3.86,,,,,,,,2010,16.95,,,,
2010-11-04,,11,,,,3.86,,,,,,,,2010,13.25,,,,
2010-11-05,,11,,,,3.86,,,,,,,,2010,13.45,,,,
2010-11-06,,11,,,,3.86,,,,,,,,2010,13.86,,,,
2010-11-07,,11,,,,3.86,,,,,,,,2010,17.55,,,,
2010-11-08,,11,0.06,,14,3.86,,,,0.64,14.64,3.3,,2010,15.05,,,,
2010-11-09,,11,,,,3.86,,,,,,,,2010,11.23,,,,
2010-11-10,,11,,,,3.86,,,,,,,,2010,15.33,,,,
2010-11-11,,11,,,,3.86,,,,,,,,2010,11.03,,,,
2010-11-12,,11,,,,3.86,,,,,,,,2010,14.13,,,,
2010-11-13,,11,,,,3.86,,,,,,,,2010,14.07,,,,
2010-11-14,,11,,,,3.86,,,,,,,,2010,14.67,,,,
2010-11-15,,11,0.1,,,3.86,,,,,,,,2010,14.37,,,,
2010-11-16,,11,,,15,3.86,,,,0.74,15.74,4.5,,2010,12.34,,,,
2010-11-17,,11,,,,3.86,,,,,,,,2010,11.91,,,,
2010-11-18,,11,,,,3.86,,,,,,,,2010,12.66,,,,
2010-11-19,,11,,,,3.86,,,,,,,,2010,13.74,,,,
2010-11-20,,11,,,,3.86,,,,,,,,2010,16.19,,,,
2010-11-21,,11,,,,3.86,,,,,,,,2010,18.07,,,,
2010-11-22,,11,,,,3.86,,,,,,,,2010,13.35,,,,
2010-11-23,,11,0.07,,,3.86,,,,,,,,2010,14.8,,,,
2010-11-24,,11,,,15,3.86,,,,0.66,15.66,3,,2010,14.5,,,,
2010-11-25,,11,,,,3.86,,,,,,,,2010,14.61,,,,
2010-11-26,,11,,,,3.86,,,,,,,,2010,14.09,,,,
2010-11-27,,11,,,,3.86,,,,,,,,2010,14.44,,,,
2010-11-28,,11,,,,3.86,,,,,,,,2010,15.75,,,,
2010-11-29,,11,0.06,,15,3.86,,,,0.72,15.72,3,,2010,15.98,,,,
2010-11-30,,11,,,,3.86,,,,,,,,2010,14.27,,,,
2010-12-01,,12,,,,3.86,,,,,,,,2010,13.51,,,,
2010-12-02,,12,,,,3.86,,,,,,,,2010,14.09,,,,
2010-12-03,,12,,,,3.86,,,,,,,,2010,14.35,,,,
2010-12-04,,12,,,,3.86,,,,,,,,2010,14.01,,,,
2010-12-05,,12,,,,3.86,,,,,,,,2010,17.73,,,,
2010-12-06,,12,0.1,0.002,9.4,3.86,,,,0.81,10.21,2.7,,2010,17.53,,,,
2010-12-07,,12,,,,3.86,,,,,,,,2010,10.22,,,,
2010-12-08,,12,,,,3.86,,,,,,,,2010,21.18,,,,
2010-12-09,,12,,,,3.86,,,,,,,,2010,15.24,,,,
2010-12-10,,12,,,,3.86,,,,,,,,2010,16.35,,,,
2010-12-11,,12,,,,3.86,,,,,,,,2010,15.6,,,,
2010-12-12,,12,,,,3.86,,,,,,,,2010,18.05,,,,
2010-12-13,,12,0.1,,12,3.86,,,,0.82,12.82,2.9,,2010,15.99,,,,
2010-12-14,,12,,,,3.86,,,,,,,,2010,14.64,,,,
2010-12-15,,12,,,,3.86,,,,,,,,2010,15.37,,,,
2010-12-16,,12,,,,3.86,,,,,,,,2010,14.16,,,,
2010-12-17,,12,,,,3.86,,,,,,,,2010,14.74,,,,
2010-12-18,,12,,,,3.86,,,,,,,,2010,20.91,,,,
2010-12-19,,12,,,,3.86,,,,,,,,2010,26.25,,,,
2010-12-20,,12,0.1,,8.5,3.86,,,,0.68,9.18,1.7,,2010,24.85,,,,
2010-12-21,,12,,,,3.86,,,,,,,,2010,23.6,,,,
2010-12-22,,12,,,,3.86,,,,,,,,2010,22.43,,,,
2010-12-23,,12,,,,3.86,,,,,,,,2010,19.69,,,,
2010-12-24,,12,,,,3.86,,,,,,,,2010,20.67,,,,
2010-12-25,,12,,,,3.86,,,,,,,,2010,19.22,,,,
2010-12-26,,12,,,,3.86,,,,,,,,2010,22.79,,,,
2010-12-27,,12,0.1,,12,3.86,,,,0.69,12.69,1.8,,2010,18.15,,,,
2010-12-28,,12,,,,3.86,,,,,,,,2010,22.67,,,,
2010-12-29,,12,,,,3.86,,,,,,,,2010,31.27,,,,
2010-12-30,,12,,,,3.86,,,,,,,,2010,25.09,,,,
2010-12-31,,12,,,,3.86,,,,,,,,2010,22.87,,,,
2011-01-01,,1,,,,3.86,,,,,,,,2011,23.09,,,,
2011-01-02,,1,,,,3.86,,,,,,,,2011,27.29,,,,
2011-01-03,,1,0.11,0.002,8.6,3.86,,,,0.81,9.41,1.6,,2011,25.16,,,,
2011-01-04,,1,,,,3.86,,,,,,,,2011,18.91,,,,
2011-01-05,,1,,,,3.86,,,,,,,,2011,19.94,,,,
2011-01-06,,1,,,,3.86,,,,,,,,2011,20.83,,,,
2011-01-07,,1,,,,3.86,,,,,,,,2011,19.24,,,,
2011-01-08,,1,,,,3.86,,,,,,,,2011,18.39,,,,
2011-01-09,,1,,,,3.86,,,,,,,,2011,17.42,,,,
2011-01-10,,1,0.1,,13,3.86,,,,0.91,13.91,2.3,,2011,17.71,,,,
2011-01-11,,1,,,,3.86,,,,,,,,2011,17.81,,,,
2011-01-12,,1,,,,3.86,,,,,,,,2011,16.33,,,,
2011-01-13,,1,,,,3.86,,,,,,,,2011,17.45,,,,
2011-01-14,,1,,,,3.86,,,,,,,,2011,16.63,,,,
2011-01-15,,1,,,,3.86,,,,,,,,2011,16.18,,,,
2011-01-16,,1,,,,3.86,,,,,,,,2011,18.65,,,,
2011-01-17,,1,,,,3.86,,,,,,,,2011,12.87,,,,
2011-01-18,,1,0.1,,13,3.86,,,,0.88,13.88,2,,2011,17.98,,,,
2011-01-19,,1,,,,3.86,,,,,,,,2011,16.44,,,,
2011-01-20,,1,,,,3.86,,,,,,,,2011,17.08,,,,
2011-01-21,,1,,,,3.86,,,,,,,,2011,14.09,,,,
2011-01-22,,1,,,,3.86,,,,,,,,2011,15.82,,,,
2011-01-23,,1,,,,3.86,,,,,,,,2011,14.54,,,,
2011-01-24,,1,,,,3.86,,,,,,,,2011,17.66,,,,
2011-01-25,,1,0.14,,14,3.86,,,,0.88,14.88,2.7,,2011,15.76,,,,
2011-01-26,,1,,,,3.86,,,,,,,,2011,13.79,,,,
2011-01-27,,1,,,,3.86,,,,,,,,2011,16.19,,,,
2011-01-28,,1,,,,3.86,,,,,,,,2011,14.11,,,,
2011-01-29,,1,,,,3.86,,,,,,,,2011,15.47,,,,
2011-01-30,,1,,,,3.86,,,,,,,,2011,21.77,,,,
2011-01-31,,1,,,,3.86,,,,,,,,2011,18.32,,,,
2011-02-01,,2,0.14,0.002,9.6,3.86,,,,0.81,10.41,2.6,,2011,19.1,,,,
2011-02-02,,2,,,,3.86,,,,,,,,2011,16.34,,,,
2011-02-03,,2,,,,3.86,,,,,,,,2011,15.56,,,,
2011-02-04,,2,,,,3.86,,,,,,,,2011,16.65,,,,
2011-02-05,,2,,,,3.86,,,,,,,,2011,18.29,,,,
2011-02-06,,2,,,,3.86,,,,,,,,2011,16.76,,,,
2011-02-07,,2,,,,3.86,,,,,,,,2011,13.44,,,,
2011-02-08,,2,0.1,,17,3.86,,,,0.55,17.55,2.82,,2011,17.8,,,,
2011-02-09,,2,,,,3.86,,,,,,,,2011,13.87,,,,
2011-02-10,,2,,,,3.86,,,,,,,,2011,14.2,,,,
2011-02-11,,2,,,,3.86,,,,,,,,2011,16.82,,,,
2011-02-12,,2,,,,3.86,,,,,,,,2011,15.35,,,,
2011-02-13,,2,,,,3.86,,,,,,,,2011,14.76,,,,
2011-02-14,,2,0.1,,17,3.86,,,,0.6,17.6,3.47,,2011,16.41,,,,
2011-02-15,,2,,,,3.86,,,,,,,,2011,13.94,,,,
2011-02-16,,2,,,,3.86,,,,,,,,2011,17.13,,,,
2011-02-17,,2,,,,3.86,,,,,,,,2011,21.02,,,,
2011-02-18,,2,,,,3.86,,,,,,,,2011,28.83,,,,
2011-02-19,,2,,,,3.86,,,,,,,,2011,26.36,,,,
2011-02-20,,2,,,,3.86,,,,,,,,2011,26.67,,,,
2011-02-21,,2,0.1,,14,3.86,,,,0.87,14.87,3.91,,2011,21.94,,,,
2011-02-22,,2,,,,3.86,,,,,,,,2011,18.43,,,,
2011-02-23,,2,,,,3.86,,,,,,,,2011,22.2,,,,
2011-02-24,,2,,,,3.86,,,,,,,,2011,18.24,,,,
2011-02-25,,2,,,,3.86,,,,,,,,2011,27.65,,,,
2011-02-26,,2,,,,3.86,,,,,,,,2011,30.24,,,,
2011-02-27,,2,,,,3.86,,,,,,,,2011,24.7,,,,
2011-02-28,,2,,,,3.86,,,,,,,,2011,22.61,,,,
2011-03-01,,3,0.29,0.002,13,3.86,,,,0.71,13.71,2.9,,2011,20.41,,,,
2011-03-02,,3,,,,3.86,,,,,,,,2011,23.22,,,,
2011-03-03,,3,,,,3.86,,,,,,,,2011,19.94,,,,
2011-03-04,,3,,,,3.86,,,,,,,,2011,21.33,,,,
2011-03-05,,3,,,,3.86,,,,,,,,2011,20.25,,,,
2011-03-06,,3,,,,3.86,,,,,,,,2011,25.87,,,,
2011-03-07,,3,0.21,,15,3.86,,,,1.1,16.1,2.7,,2011,28.94,,,,
2011-03-08,,3,,,,3.86,,,,,,,,2011,24.52,,,,
2011-03-09,,3,,,,3.86,,,,,,,,2011,22.65,,,,
2011-03-10,,3,,,,3.86,,,,,,,,2011,19,,,,
2011-03-11,,3,,,,3.86,,,,,,,,2011,19.84,,,,
2011-03-12,,3,,,,3.86,,,,,,,,2011,19.76,,,,
2011-03-13,,3,,,,3.86,,,,,,,,2011,19.89,,,,
2011-03-14,,3,0.12,,16,3.86,,,,0.67,16.67,3.5,,2011,23.31,,,,
2011-03-15,,3,,,,3.86,,,,,,,,2011,22.36,,,,
2011-03-16,,3,,,,3.86,,,,,,,,2011,27.63,,,,
2011-03-17,,3,,,,3.86,,,,,,,,2011,20.49,,,,
2011-03-18,,3,,,,3.86,,,,,,,,2011,25.58,,,,
2011-03-19,,3,,,,3.86,,,,,,,,2011,28.32,,,,
2011-03-20,,3,,,,3.86,,,,,,,,2011,29.96,,,,
2011-03-21,,3,0.08,,12,3.86,,,,0.81,12.81,3,,2011,30.62,,,,
2011-03-22,,3,,,,3.86,,,,,,,,2011,30.85,,,,
2011-03-23,,3,,,,3.86,,,,,,,,2011,30.67,,,,
2011-03-24,,3,,,,3.86,,,,,,,,2011,29.8,,,,
2011-03-25,,3,,,,3.86,,,,,,,,2011,31.96,,,,
2011-03-26,,3,,,,3.86,,,,,,,,2011,31.96,,,,
2011-03-27,,3,,,,3.86,,,,,,,,2011,33.28,,,,
2011-03-28,,3,0.12,,13,3.86,,,,0.96,13.96,2.1,,2011,33.95,,,,
2011-03-29,,3,,,,3.86,,,,,,,,2011,33.95,,,,
2011-03-30,,3,,,,3.86,,,,,,,,2011,30.38,,,,
2011-03-31,,3,,,,3.86,,,,,,,,2011,30.83,,,,
2011-04-01,,4,,,,3.86,,,,,,,,2011,31.92,,,,
2011-04-02,,4,,,,3.86,,,,,,,,2011,19.12,,,,
2011-04-03,,4,,,,3.86,,,,,,,,2011,22.77,,,,
2011-04-04,,4,0.1,0.002,16,3.86,,,,0.82,16.82,3.5,,2011,18.72,,,,
2011-04-05,,4,,,,3.86,,,,,,,,2011,18.13,,,,
2011-04-06,,4,,,,3.86,,,,,,,,2011,19.5,,,,
2011-04-07,,4,,,,3.86,,,,,,,,2011,19.51,,,,
2011-04-08,,4,,,,3.86,,,,,,,,2011,18.22,,,,
2011-04-09,,4,,,,3.86,,,,,,,,2011,18.14,,,,
2011-04-10,,4,,,,3.86,,,,,,,,2011,18.84,,,,
2011-04-11,,4,0.22,,22,3.86,,,,0.49,22.49,3.51,,2011,17.77,,,,
2011-04-12,,4,,,,3.86,,,,,,,,2011,17.45,,,,
2011-04-13,,4,,,,3.86,,,,,,,,2011,15.54,,,,
2011-04-14,,4,,,,3.86,,,,,,,,2011,16.47,,,,
2011-04-15,,4,,,,3.86,,,,,,,,2011,17.27,,,,
2011-04-16,,4,,,,3.86,,,,,,,,2011,17.84,,,,
2011-04-17,,4,,,,3.86,,,,,,,,2011,15.57,,,,
2011-04-18,,4,0.3,,22,3.86,,,,1.3,23.3,3.43,,2011,16.91,,,,
2011-04-19,,4,,,,3.86,,,,,,,,2011,16.82,,,,
2011-04-20,,4,,,,3.86,,,,,,,,2011,18.21,,,,
2011-04-21,,4,,,,3.86,,,,,,,,2011,13.84,,,,
2011-04-22,,4,,,,3.86,,,,,,,,2011,9.25,,,,
2011-04-23,,4,,,,3.86,,,,,,,,2011,15.48,,,,
2011-04-24,,4,,,,3.86,,,,,,,,2011,16.6,,,,
2011-04-25,,4,0.1,,17,3.86,,,,0.07,17.07,3.93,,2011,16.73,,,,
2011-04-26,,4,,,,3.86,,,,,,,,2011,13.07,,,,
2011-04-27,,4,,,,3.86,,,,,,,,2011,12.23,,,,
2011-04-28,,4,,,,3.86,,,,,,,,2011,13.61,,,,
2011-04-29,,4,,,,3.86,,,,,,,,2011,12.95,,,,
2011-04-30,,4,,,,3.86,,,,,,,,2011,13.99,,,,
2011-05-01,,5,,,,3.86,,,,,,,,2011,12.72,,,,
2011-05-02,,5,0.1,0.002,18,3.86,,,,0.22,18.22,2.5,,2011,11.61,,,,
2011-05-03,,5,,,,3.86,,,,,,,,2011,11.92,,,,
2011-05-04,,5,,,,3.86,,,,,,,,2011,11.31,,,,
2011-05-05,,5,,,,3.86,,,,,,,,2011,15.7,,,,
2011-05-06,,5,,,,3.86,,,,,,,,2011,13.35,,,,
2011-05-07,,5,,,,3.86,,,,,,,,2011,16.74,,,,
2011-05-08,,5,,,,3.86,,,,,,,,2011,22.07,,,,
2011-05-09,,5,0.18,,22,3.86,,,,0.62,22.62,,,2011,14.44,,,,
2011-05-10,,5,,,,3.86,,,,,,4.6,,2011,15.44,,,,
2011-05-11,,5,,,,3.86,,,,,,,,2011,9.37,,,,
2011-05-12,,5,,,,3.86,,,,,,,,2011,15.94,,,,
2011-05-13,,5,,,,3.86,,,,,,,,2011,15.22,,,,
2011-05-14,,5,,,,3.86,,,,,,,,2011,15.8,,,,
2011-05-15,,5,,,,3.86,,,,,,,,2011,16.03,,,,
2011-05-16,,5,0.21,,20,3.86,,,,0.35,20.35,,,2011,16.11,,,,
2011-05-17,,5,,,,3.86,,,,,,4.2,,2011,15.53,,,,
2011-05-18,,5,,,,3.86,,,,,,,,2011,10.98,,,,
2011-05-19,,5,,,,3.86,,,,,,,,2011,18.26,,,,
2011-05-20,,5,,,,3.86,,,,,,,,2011,16.01,,,,
2011-05-21,,5,,,,3.86,,,,,,,,2011,15.64,,,,
2011-05-22,,5,,,,3.86,,,,,,,,2011,15.35,,,,
2011-05-23,,5,0.1,,25,3.86,,,,0.07,25.07,,,2011,14.47,,,,
2011-05-24,,5,,,,3.86,,,,,,4.4,,2011,14.33,,,,
2011-05-25,,5,,,,3.86,,,,,,,,2011,14.89,,,,
2011-05-26,,5,,,,3.86,,,,,,,,2011,14.51,,,,
2011-05-27,,5,,,,3.86,,,,,,,,2011,14.78,,,,
2011-05-28,,5,,,,3.86,,,,,,,,2011,13.12,,,,
2011-05-29,,5,,,,3.86,,,,,,,,2011,15.92,,,,
2011-05-30,,5,0.1,,,3.86,,,,,,,,2011,15.04,,,,
2011-05-31,,5,,,,3.86,,,,,,,,2011,14.69,,,,
2011-06-01,,6,0.15,0.002,,3.86,,,,0.4,23.4,4.1,,2011,14.53,,,,
2011-06-02,,6,,,,3.86,,,,,,,,2011,13.95,,,,
2011-06-03,,6,,,,3.86,,,,,,,,2011,14.19,,,,
2011-06-04,,6,,,,3.86,,,,,,,,2011,17.38,,,,
2011-06-05,,6,,,,3.86,,,,,,,,2011,18.07,,,,
2011-06-06,,6,0.1,,,3.86,,,,0.68,23.68,4.19,,2011,16.5,,,,
2011-06-07,,6,,,,3.86,,,,,,,,2011,16.85,,,,
2011-06-08,,6,,,,3.86,,,,,,,,2011,17.79,,,,
2011-06-09,,6,,,,3.86,,,,,,,,2011,16.12,,,,
2011-06-10,,6,,,,3.86,,,,,,,,2011,14.41,,,,
2011-06-11,,6,,,,3.86,,,,,,,,2011,15.65,,,,
2011-06-12,,6,,,,3.86,,,,,,,,2011,15.46,,,,
2011-06-13,,6,0.19,,,3.86,,,,0.66,23.66,4.42,,2011,15.02,,,,
2011-06-14,,6,,,,3.86,,,,,,,,2011,14.28,,,,
2011-06-15,,6,,,,3.86,,,,,,,,2011,14.61,,,,
2011-06-16,,6,,,,3.86,,,,,,,,2011,14.36,,,,
2011-06-17,,6,,,,3.86,,,,,,,,2011,13.21,,,,
2011-06-18,,6,,,,3.86,,,,,,,,2011,14.33,,,,
2011-06-19,,6,,,,3.86,,,,,,,,2011,16.93,,,,
2011-06-20,,6,,,,3.86,,,,,,,,2011,2.72,,,,
2011-06-21,,6,0.1,,21,3.86,,,,0.65,21.65,4.72,,2011,13.69,,,,
2011-06-22,,6,,,,3.86,,,,,,,,2011,12.79,,,,
2011-06-23,,6,,,,3.86,,,,,,,,2011,16.2,,,,
2011-06-24,,6,,,,3.86,,,,,,,,2011,15.03,,,,
2011-06-25,,6,,,,3.86,,,,,,,,2011,14.45,,,,
2011-06-26,,6,,,,3.86,,,,,,,,2011,13.79,,,,
2011-06-27,,6,0.1,,24,3.86,,,,0.53,24.53,4.05,,2011,13.4,,,,
2011-06-28,,6,,,,3.86,,,,,,,,2011,14.39,,,,
2011-06-29,,6,,,,3.86,,,,,,,,2011,17.29,,,,
2011-06-30,,6,,,,3.86,,,,,,,,2011,15.08,,,,
2011-07-01,,7,,,,3.86,,,,,,,,2011,12.99,,,,
2011-07-02,,7,,,,3.86,,,,,,,,2011,15.08,,,,
2011-07-03,,7,,,,3.86,,,,,,,,2011,15.56,,,,
2011-07-04,,7,0.14,0.002,14,3.86,,,,0.82,14.82,1.9,,2011,13.94,,,,
2011-07-05,,7,,,,3.86,,,,,,,,2011,13,,,,
2011-07-06,,7,,,,3.86,,,,,,,,2011,13.47,,,,
2011-07-07,,7,,,,3.86,,,,,,,,2011,12.39,,,,
2011-07-08,,7,,,,3.86,,,,,,,,2011,12.42,,,,
2011-07-09,,7,,,,3.86,,,,,,,,2011,14.55,,,,
2011-07-10,,7,,,,3.86,,,,,,,,2011,13.05,,,,
2011-07-11,,7,0.1,,19,3.86,,,,0.07,19.07,4.5,,2011,13.72,,,,
2011-07-12,,7,,,,3.86,,,,,,,,2011,12.33,,,,
2011-07-13,,7,,,,3.86,,,,,,,,2011,12.84,,,,
2011-07-14,,7,,,,3.86,,,,,,,,2011,12.47,,,,
2011-07-15,,7,,,,3.86,,,,,,,,2011,13.48,,,,
2011-07-16,,7,,,,3.86,,,,,,,,2011,13.56,,,,
2011-07-17,,7,,,,3.86,,,,,,,,2011,14.36,,,,
2011-07-18,,7,0.1,,,3.86,,,,0.44,23.44,4.5,,2011,12.62,,,,
2011-07-19,,7,,,,3.86,,,,,,,,2011,13.1,,,,
2011-07-20,,7,,,,3.86,,,,,,,,2011,12.62,,,,
2011-07-21,,7,,,,3.86,,,,,,,,2011,12.93,,,,
2011-07-22,,7,,,,3.86,,,,,,,,2011,12.57,,,,
2011-07-23,,7,,,,3.86,,,,,,,,2011,12.11,,,,
2011-07-24,,7,,,,3.86,,,,,,,,2011,15.02,,,,
2011-07-25,,7,,,,3.86,,,,,,,,2011,0.67,,,,
2011-07-26,,7,0.1,,20,3.86,,,,0.53,20.53,4.7,,2011,12.82,,,,
2011-07-27,,7,,,,3.86,,,,,,,,2011,17.98,,,,
2011-07-28,,7,,,,3.86,,,,,,,,2011,14.06,,,,
2011-07-29,,7,,,,3.86,,,,,,,,2011,12.76,,,,
2011-07-30,,7,,,,3.86,,,,,,,,2011,13.27,,,,
2011-07-31,,7,,,,3.86,,,,,,,,2011,13.95,,,,
2011-08-01,,8,0.1,,22,3.86,,,,0.81,22.81,5.9,,2011,12.92,,,,
2011-08-02,,8,,,,3.86,,,,,,,,2011,12.75,,,,
2011-08-03,,8,,,,3.86,,,,,,,,2011,12.13,,,,
2011-08-04,,8,,,,3.86,,,,,,,,2011,12.12,,,,
2011-08-05,,8,,,,3.86,,,,,,,,2011,12.42,,,,
2011-08-06,,8,,,,3.86,,,,,,,,2011,13.19,,,,
2011-08-07,,8,,,,3.86,,,,,,,,2011,13.12,,,,
2011-08-08,,8,0.1,,25,3.86,,,,0.87,25.87,4.7,,2011,12.9,,,,
2011-08-09,,8,,,,3.86,,,,,,,,2011,12.42,,,,
2011-08-10,,8,,,,3.86,,,,,,,,2011,12.18,,,,
2011-08-11,,8,,,,3.86,,,,,,,,2011,10.98,,,,
2011-08-12,,8,,,,3.86,,,,,,,,2011,11.01,,,,
2011-08-13,,8,,,,3.86,,,,,,,,2011,12.88,,,,
2011-08-14,,8,,,,3.86,,,,,,,,2011,14.63,,,,
2011-08-15,,8,,,,3.86,,,,,,,,2011,3.6,,,,
2011-08-16,,8,0.1,,21,3.86,,,,0.57,21.57,5.1,,2011,0,,,,
2011-08-17,,8,,,,3.86,,,,,,,,2011,0,,,,
2011-08-18,,8,,,,3.86,,,,,,,,2011,0,,,,
2011-08-19,,8,,,,3.86,,,,,,,,2011,0,,,,
2011-08-20,,8,,,,3.86,,,,,,,,2011,0,,,,
2011-08-21,,8,,,,3.86,,,,,,,,2011,0,,,,
2011-08-22,,8,0.1,,25,3.86,,,,0.21,25.21,5.1,,2011,0,,,,
2011-08-23,,8,,,,3.86,,,,,,,,2011,0,,,,
2011-08-24,,8,,,,3.86,,,,,,,,2011,0,,,,
2011-08-25,,8,,,,3.86,,,,,,,,2011,0,,,,
2011-08-26,,8,,,,3.86,,,,,,,,2011,0,,,,
2011-08-27,,8,,,,3.86,,,,,,,,2011,0,,,,
2011-08-28,,8,,,,3.86,,,,,,,,2011,0,,,,
2011-08-29,,8,0.1,,,3.86,,,,0.65,23.65,4.6,,2011,0,,,,
2011-08-30,,8,,,,3.86,,,,,,,,2011,0,,,,
2011-08-31,,8,,,,3.86,,,,,,,,2011,0,,,,
2011-09-01,,9,,,,3.86,,,,,,,,2011,0,,,,
2011-09-02,,9,,,,3.86,,,,,,,,2011,0,,,,
2011-09-03,,9,,,,3.86,,,,,,,,2011,0,,,,
2011-09-04,,9,,,,3.86,,,,,,,,2011,0,,,,
2011-09-05,,9,0.09,,,3.86,,,,0.23,23.23,5.3,,2011,0,,,,
2011-09-06,,9,,,,3.86,,,,,,,,2011,0,,,,
2011-09-07,,9,,,,3.86,,,,,,,,2011,0,,,,
2011-09-08,,9,,,,3.86,,,,,,,,2011,0,,,,
2011-09-09,,9,,,,3.86,,,,,,,,2011,0,,,,
2011-09-10,,9,,,,3.86,,,,,,,,2011,0,,,,
2011-09-11,,9,,,,3.86,,,,,,,,2011,0,,,,
2011-09-12,,9,0.1,,,3.86,,,,0.92,23.92,4.64,,2011,0,,,,
2011-09-13,,9,,,,3.86,,,,,,,,2011,0,,,,
2011-09-14,,9,,,,3.86,,,,,,,,2011,0,,,,
2011-09-15,,9,,,,3.86,,,,,,,,2011,0,,,,
2011-09-16,,9,,,,3.86,,,,,,,,2011,0,,,,
2011-09-17,,9,,,,3.86,,,,,,,,2011,0,,,,
2011-09-18,,9,,,,3.86,,,,,,,,2011,0,,,,
2011-09-19,,9,,,,3.86,,,,,,,,2011,0,,,,
2011-09-20,,9,0.1,,21,3.86,,,,0.7,21.7,4.74,,2011,0,,,,
2011-09-21,,9,,,,3.86,,,,,,,,2011,0.63,,,,
2011-09-22,,9,,,,3.86,,,,,,,,2011,5.21,,,,
2011-09-23,,9,,,,3.86,,,,,,,,2011,11,,,,
2011-09-24,,9,,,,3.86,,,,,,,,2011,11.74,,,,
2011-09-25,,9,,,,3.86,,,,,,,,2011,11.96,,,,
2011-09-26,,9,0.1,,,3.86,,,,,,4.72,,2011,9.41,,,,
2011-09-27,,9,,,,3.86,,,,0.89,23.89,,,2011,7.85,,,,
2011-09-28,,9,,,,3.86,,,,,,,,2011,8.38,,,,
2011-09-29,,9,,,,3.86,,,,,,,,2011,10.79,,,,
2011-09-30,,9,,,,3.86,,,,,,,,2011,10.56,,,,
2011-10-01,,10,,,,3.86,,,,,,,,2011,12.04,,,,
2011-10-02,,10,,,,3.86,,,,,,,,2011,11.45,,,,
2011-10-03,,10,0.1,,19,3.86,,,,0.59,19.59,4.7,,2011,9.41,,,,
2011-10-04,,10,,,,3.86,,,,,,,,2011,11.71,,,,
2011-10-05,,10,,,,3.86,,,,,,,,2011,12.78,,,,
2011-10-06,,10,,,,3.86,,,,,,,,2011,14.98,,,,
2011-10-07,,10,,,,3.86,,,,,,,,2011,13.95,,,,
2011-10-08,,10,,,,3.86,,,,,,,,2011,14.94,,,,
2011-10-09,,10,,,,3.86,,,,,,,,2011,13.13,,,,
2011-10-10,,10,,,,3.86,,,,,,,,2011,13.35,,,,
2011-10-11,,10,0.1,,24,3.86,,,,0.78,24.78,4.19,,2011,12.96,,,,
2011-10-12,,10,,,,3.86,,,,,,,,2011,13.68,,,,
2011-10-13,,10,,,,3.86,,,,,,,,2011,13.98,,,,
2011-10-14,,10,,,,3.86,,,,,,,,2011,13.45,,,,
2011-10-15,,10,,,,3.86,,,,,,,,2011,12.39,,,,
2011-10-16,,10,,,,3.86,,,,,,,,2011,14.29,,,,
2011-10-17,,10,0.1,,24,3.86,,,,0.64,24.64,4.39,,2011,12.32,,,,
2011-10-18,,10,,,,3.86,,,,,,,,2011,12.8,,,,
2011-10-19,,10,,,,3.86,,,,,,,,2011,11.96,,,,
2011-10-20,,10,,,,3.86,,,,,,,,2011,11.52,,,,
2011-10-21,,10,,,,3.86,,,,,,,,2011,15.08,,,,
2011-10-22,,10,,,,3.86,,,,,,,,2011,11.27,,,,
2011-10-23,,10,,,,3.86,,,,,,,,2011,13.21,,,,
2011-10-24,,10,0.1,,25,3.86,,,,0.67,25.67,4.81,,2011,12.53,,,,
2011-10-25,,10,,,,3.86,,,,,,,,2011,12.12,,,,
2011-10-26,,10,,,,3.86,,,,,,,,2011,9.61,,,,
2011-10-27,,10,,,,3.86,,,,,,,,2011,10.03,,,,
2011-10-28,,10,,,,3.86,,,,,,,,2011,14.51,,,,
2011-10-29,,10,,,,3.86,,,,,,,,2011,12.53,,,,
2011-10-30,,10,,,,3.86,,,,,,,,2011,12.87,,,,
2011-10-31,,10,,,,3.86,,,,,,,,2011,11.06,,,,
2011-11-01,,11,0.11,,20,3.86,,,,0.45,20.45,4.6,,2011,11.85,,,,
2011-11-02,,11,,,,3.86,,,,,,,,2011,11.36,,,,
2011-11-03,,11,,,,3.86,,,,,,,,2011,10.85,,,,
2011-11-04,,11,,,,3.86,,,,,,,,2011,10.83,,,,
2011-11-05,,11,,,,3.86,,,,,,,,2011,13.5,,,,
2011-11-06,,11,,,,3.86,,,,,,4.15,,2011,16.61,,,,
2011-11-07,,11,0.1,,18,3.86,,,,0.38,18.38,,,2011,14.15,,,,
2011-11-08,,11,,,,3.86,,,,,,,,2011,13.91,,,,
2011-11-09,,11,,,,3.86,,,,,,,,2011,14.16,,,,
2011-11-10,,11,,,,3.86,,,,,,,,2011,12.15,,,,
2011-11-11,,11,,,,3.86,,,,,,,,2011,13.01,,,,
2011-11-12,,11,,,,3.86,,,,,,,,2011,14.44,,,,
2011-11-13,,11,,,,3.86,,,,,,,,2011,14.23,,,,
2011-11-14,,11,0.1,,21,3.86,,,,0.9,21.9,4.34,,2011,15.78,,,,
2011-11-15,,11,,,,3.86,,,,,,,,2011,10.49,,,,
2011-11-16,,11,,,,3.86,,,,,,,,2011,13.39,,,,
2011-11-17,,11,,,,3.86,,,,,,,,2011,13.79,,,,
2011-11-18,,11,,,,3.86,,,,,,,,2011,13.84,,,,
2011-11-19,,11,,,,3.86,,,,,,,,2011,12.52,,,,
2011-11-20,,11,,,,3.86,,,,,,,,2011,13.98,,,,
2011-11-21,,11,0.1,,22,3.86,,,,0.32,22.32,4.3,,2011,13.95,,,,
2011-11-22,,11,,,,3.86,,,,,,,,2011,15.58,,,,
2011-11-23,,11,,,,3.86,,,,,,,,2011,13.26,,,,
2011-11-24,,11,,,,3.86,,,,,,,,2011,16.16,,,,
2011-11-25,,11,,,,3.86,,,,,,,,2011,13.42,,,,
2011-11-26,,11,,,,3.86,,,,,,,,2011,12.69,,,,
2011-11-27,,11,,,,3.86,,,,,,,,2011,12.54,,,,
2011-11-28,,11,0.1,,,3.86,,,,,,,,2011,16.47,,,,
2011-11-29,,11,,,,3.86,,,,,,,,2011,13.68,,,,
2011-11-30,,11,,,,3.86,,,,,,,,2011,11.71,,,,
2011-12-01,,12,0.14,,26,3.86,,,,1,27,4.3,,2011,13.69,,,,
2011-12-02,,12,,,,3.86,,,,,,,,2011,12.81,,,,
2011-12-03,,12,,,,3.86,,,,,,,,2011,13.19,,,,
2011-12-04,,12,,,,3.86,,,,,,,,2011,13.74,,,,
2011-12-05,,12,0.1,,24,3.86,,,,0.94,24.94,4.27,,2011,12.97,,,,
2011-12-06,,12,,,,3.86,,,,,,,,2011,10.05,,,,
2011-12-07,,12,,,,3.86,,,,,,,,2011,12.63,,,,
2011-12-08,,12,,,,3.86,,,,,,,,2011,12.04,,,,
2011-12-09,,12,,,,3.86,,,,,,,,2011,13.51,,,,
2011-12-10,,12,,,,3.86,,,,,,,,2011,13.37,,,,
2011-12-11,,12,,,,3.86,,,,,,,,2011,13.62,,,,
2011-12-12,,12,0.1,,26,3.86,,,,0.37,26.37,4.12,,2011,13.42,,,,
2011-12-13,,12,,,,3.86,,,,,,,,2011,13.16,,,,
2011-12-14,,12,,,,3.86,,,,,,,,2011,12.29,,,,
2011-12-15,,12,,,,3.86,,,,,,,,2011,14.26,,,,
2011-12-16,,12,,,,3.86,,,,,,,,2011,13.53,,,,
2011-12-17,,12,,,,3.86,,,,,,,,2011,12.86,,,,
2011-12-18,,12,,,,3.86,,,,,,,,2011,13.31,,,,
2011-12-19,,12,0.1,,25,3.86,,,,0.07,25.07,4.17,,2011,13.6,,,,
2011-12-20,,12,,,,3.86,,,,,,,,2011,12.05,,,,
2011-12-21,,12,,,,3.86,,,,,,,,2011,10.71,,,,
2011-12-22,,12,,,,3.86,,,,,,,,2011,13.49,,,,
2011-12-23,,12,,,,3.86,,,,,,,,2011,12.54,,,,
2011-12-24,,12,,,,3.86,,,,,,,,2011,12.84,,,,
2011-12-25,,12,,,,3.86,,,,,,,,2011,12.77,,,,
2011-12-26,,12,0.1,,,3.86,,,,0.47,23.47,3.77,,2011,13.95,,,,
2011-12-27,,12,,,,3.86,,,,,,,,2011,13.08,,,,
2011-12-28,,12,,,,3.86,,,,,,,,2011,12.24,,,,
2011-12-29,,12,,,,3.86,,,,,,,,2011,12.06,,,,
2011-12-30,,12,,,,3.86,,,,,,,,2011,12.52,,,,
2011-12-31,,12,,,,3.86,,,,,,,,2011,12.65,,,,
2012-01-01,,1,,,,3.86,,,,,,,,2012,14.19,,,,
2012-01-01,,1,,,,3.86,,,,,,,,2012,14.19,,,,
2012-01-02,,1,0.15,,,3.86,,,,0.83,23.83,3.7,,2012,11.23,,,,
2012-01-03,,1,,,,3.86,,,,,,,,2012,12.41,,,,
2012-01-04,,1,,,,3.86,,,,,,,,2012,10.42,,,,
2012-01-05,,1,,,,3.86,,,,,,,,2012,12.13,,,,
2012-01-06,,1,,,,3.86,,,,,,,,2012,11.5,,,,
2012-01-07,,1,,,,3.86,,,,,,,,2012,14.06,,,,
2012-01-08,,1,,,,3.86,,,,,,,,2012,12.92,,,,
2012-01-09,,1,0.1,,24,3.86,,,,0.07,24.07,3.91,,2012,13.24,,,,
2012-01-10,,1,,,,3.86,,,,,,,,2012,14.16,,,,
2012-01-11,,1,,,,3.86,,,,,,,,2012,8.53,,,,
2012-01-12,,1,,,,3.86,,,,,,,,2012,11.89,,,,
2012-01-13,,1,,,,3.86,,,,,,,,2012,11.57,,,,
2012-01-14,,1,,,,3.86,,,,,,,,2012,12.66,,,,
2012-01-15,,1,,,,3.86,,,,,,,,2012,13.23,,,,
2012-01-16,,1,0.1,,24,3.86,,,,0.87,24.87,4.24,,2012,11.04,,,,
2012-01-17,,1,,,,3.86,,,,,,,,2012,12.6,,,,
2012-01-18,,1,,,,3.86,,,,,,,,2012,10.77,,,,
2012-01-19,,1,,,,3.86,,,,,,,,2012,13.11,,,,
2012-01-20,,1,,,,3.86,,,,,,,,2012,14.39,,,,
2012-01-21,,1,,,,3.86,,,,,,,,2012,23.43,,,,
2012-01-22,,1,,,,3.86,,,,,,,,2012,18.53,,,,
2012-01-23,,1,0.1,,13,3.86,,,,0.75,13.75,2.46,,2012,27.14,,,,
2012-01-24,,1,,,,3.86,,,,,,,,2012,23,,,,
2012-01-25,,1,,,,3.86,,,,,,,,2012,17.93,,,,
2012-01-26,,1,,,,3.86,,,,,,,,2012,16.55,,,,
2012-01-27,,1,,,,3.86,,,,,,,,2012,14.04,,,,
2012-01-28,,1,,,,3.86,,,,,,,,2012,14.66,,,,
2012-01-29,,1,,,,3.86,,,,,,,,2012,17.29,,,,
2012-01-30,,1,,,,3.86,,,,,,,,2012,15.1,,,,
2012-01-31,,1,,,,3.86,,,,,,,,2012,14.66,,,,
2012-02-01,,2,0.04,,,3.86,,,,0.15,23.15,4.4,,2012,14.8,,,,
2012-02-02,,2,,,,3.86,,,,,,,,2012,12.97,,,,
2012-02-03,,2,,,,3.86,,,,,,,,2012,15.38,,,,
2012-02-04,,2,,,,3.86,,,,,,,,2012,13.75,,,,
2012-02-05,,2,,,,3.86,,,,,,,,2012,13.14,,,,
2012-02-06,,2,0.1,,24,3.86,,,,0.07,24.07,3.71,,2012,15.79,,,,
2012-02-07,,2,,,,3.86,,,,,,,,2012,16.13,,,,
2012-02-08,,2,,,,3.86,,,,,,,,2012,16.05,,,,
2012-02-09,,2,,,,3.86,,,,,,,,2012,15.01,,,,
2012-02-10,,2,,,,3.86,,,,,,,,2012,14.43,,,,
2012-02-11,,2,,,,3.86,,,,,,,,2012,13.2,,,,
2012-02-12,,2,,,,3.86,,,,,,,,2012,13.87,,,,
2012-02-13,,2,0.1,,25,3.86,,,,0.07,25.07,3.96,,2012,14.63,,,,
2012-02-14,,2,,,,3.86,,,,,,,,2012,16.15,,,,
2012-02-15,,2,,,,3.86,,,,,,,,2012,13.42,,,,
2012-02-16,,2,,,,3.86,,,,,,,,2012,13.16,,,,
2012-02-17,,2,,,,3.86,,,,,,,,2012,14.12,,,,
2012-02-18,,2,,,,3.86,,,,,,,,2012,14.06,,,,
2012-02-19,,2,,,,3.86,,,,,,,,2012,13.79,,,,
2012-02-20,,2,0.1,,26,3.86,,,,0.07,26.07,4.12,,2012,15.14,,,,
2012-02-21,,2,,,,3.86,,,,,,,,2012,15.03,,,,
2012-02-22,,2,,,,3.86,,,,,,,,2012,12.84,,,,
2012-02-23,,2,,,,3.86,,,,,,,,2012,12.92,,,,
2012-02-24,,2,,,,3.86,,,,,,,,2012,11.96,,,,
2012-02-25,,2,,,,3.86,,,,,,,,2012,13.97,,,,
2012-02-26,,2,,,,3.86,,,,,,,,2012,13.95,,,,
2012-02-27,,2,0.1,,26,3.86,,,,0.96,26.96,4.3,,2012,12.14,,,,
2012-02-28,,2,,,,3.86,,,,,,,,2012,12.11,,,,
2012-02-29,,2,,,,3.86,,,,,,,,2012,14.57,,,,
2012-03-01,,3,,,,3.86,,,,,,,,2012,14.24,,,,
2012-03-02,,3,,,,3.86,,,,,,,,2012,14.2,,,,
2012-03-03,,3,,,,3.86,,,,,,,,2012,14.57,,,,
2012-03-04,,3,,,,3.86,,,,,,,,2012,14.57,,,,
2012-03-05,,3,0.04,,25,3.86,,,,0.07,25.07,4.8,,2012,13.98,,,,
2012-03-06,,3,,,,3.86,,,,,,,,2012,14.04,,,,
2012-03-07,,3,,,,3.86,,,,,,,,2012,12.71,,,,
2012-03-08,,3,,,,3.86,,,,,,,,2012,13.12,,,,
2012-03-09,,3,,,,3.86,,,,,,,,2012,12.81,,,,
2012-03-10,,3,,,,3.86,,,,,,,,2012,13.91,,,,
2012-03-11,,3,,,,3.86,,,,,,,,2012,13.53,,,,
2012-03-12,,3,0.1,,26,3.86,,,,0.07,26.07,4.26,,2012,13.31,,,,
2012-03-13,,3,,,,3.86,,,,,,,,2012,14.09,,,,
2012-03-14,,3,,,,3.86,,,,,,,,2012,21.24,,,,
2012-03-15,,3,,,,3.86,,,,,,,,2012,25.37,,,,
2012-03-16,,3,,,,3.86,,,,,,,,2012,23.46,,,,
2012-03-17,,3,,,,3.86,,,,,,,,2012,23.75,,,,
2012-03-18,,3,,,,3.86,,,,,,,,2012,24.05,,,,
2012-03-19,,3,,,,3.86,,,,,,,,2012,27.9,,,,
2012-03-20,,3,0.1,,17,3.86,,,,0.41,17.41,2.83,,2012,20.28,,,,
2012-03-21,,3,,,,3.86,,,,,,,,2012,14.23,,,,
2012-03-22,,3,,,,3.86,,,,,,,,2012,20.42,,,,
2012-03-23,,3,,,,3.86,,,,,,,,2012,15.19,,,,
2012-03-24,,3,,,,3.86,,,,,,,,2012,17.62,,,,
2012-03-25,,3,0.1,,21,3.86,,,,0.51,21.51,3.5,,2012,24.2,,,,
2012-03-26,,3,,,,3.86,,,,,,,,2012,20.98,,,,
2012-03-27,,3,,,,3.86,,,,,,,,2012,22.41,,,,
2012-03-28,,3,,,,3.86,,,,,,,,2012,26.68,,,,
2012-03-29,,3,,,,3.86,,,,,,,,2012,25.45,,,,
2012-03-30,,3,,,,3.86,,,,,,,,2012,24.13,,,,
2012-03-31,,3,,,,3.86,,,,,,,,2012,21.46,,,,
2012-04-01,,4,0.14,,15,3.86,,,,0.45,15.45,2.8,,2012,23.38,,,,
2012-04-02,,4,,,,3.86,,,,,,,,2012,20.49,,,,
2012-04-03,,4,,,,3.86,,,,,,,,2012,19.05,,,,
2012-04-04,,4,,,,3.86,,,,,,,,2012,19.04,,,,
2012-04-05,,4,,,,3.86,,,,,,,,2012,18.43,,,,
2012-04-06,,4,,,,3.86,,,,,,,,2012,16.31,,,,
2012-04-07,,4,,,,3.86,,,,,,,,2012,17.27,,,,
2012-04-08,,4,,,,3.86,,,,,,,,2012,15.59,,,,
2012-04-09,,4,0.1,,22,3.86,,,,0.07,22.07,3.62,,2012,18.46,,,,
2012-04-10,,4,,,,3.86,,,,,,,,2012,20.88,,,,
2012-04-11,,4,,,,3.86,,,,,,,,2012,19.22,,,,
2012-04-12,,4,,,,3.86,,,,,,,,2012,21.09,,,,
2012-04-13,,4,,,,3.86,,,,,,,,2012,23.53,,,,
2012-04-14,,4,,,,3.86,,,,,,,,2012,23.07,,,,
2012-04-15,,4,,,,3.86,,,,,,,,2012,25.35,,,,
2012-04-16,,4,,,,3.86,,,,,,,,2012,23.11,,,,
2012-04-17,,4,0.1,,15,3.86,,,,0.37,15.37,3.48,,2012,20.44,,,,
2012-04-18,,4,,,,3.86,,,,,,,,2012,22.46,,,,
2012-04-19,,4,,,,3.86,,,,,,,,2012,17.33,,,,
2012-04-20,,4,,,,3.86,,,,,,,,2012,16.71,,,,
2012-04-21,,4,,,,3.86,,,,,,,,2012,17.67,,,,
2012-04-22,,4,,,,3.86,,,,,,,,2012,20.08,,,,
2012-04-23,,4,,,,3.86,,,,,,,,2012,17.5,,,,
2012-04-24,,4,0.1,,22,3.86,,,,0.37,22.37,4.59,,2012,16.21,,,,
2012-04-25,,4,,,,3.86,,,,,,,,2012,15.59,,,,
2012-04-26,,4,,,,3.86,,,,,,,,2012,16.36,,,,
2012-04-27,,4,,,,3.86,,,,,,,,2012,15.55,,,,
2012-04-28,,4,,,,3.86,,,,,,,,2012,15.36,,,,
2012-04-29,,4,,,,3.86,,,,,,,,2012,16.16,,,,
2012-04-30,,4,,,,3.86,,,,,,,,2012,15.24,,,,
2012-05-01,,5,,,,3.86,,,,,,,,2012,14.78,,,,
2012-05-02,,5,0.09,,26,3.86,,,,0.07,26.07,3.6,,2012,14.84,,,,
2012-05-03,,5,,,,3.86,,,,,,,,2012,14.2,,,,
2012-05-04,,5,,,,3.86,,,,,,,,2012,13.91,,,,
2012-05-05,,5,,,,3.86,,,,,,,,2012,14.68,,,,
2012-05-06,,5,,,,3.86,,,,,,,,2012,15.39,,,,
2012-05-07,,5,,,,3.86,,,,,,,,2012,14.38,,,,
2012-05-08,,5,0.1,,,3.86,,,,0.07,23.07,3.97,,2012,13.31,,,,
2012-05-09,,5,,,,3.86,,,,,,,,2012,12.85,,,,
2012-05-10,,5,,,,3.86,,,,,,,,2012,12.47,,,,
2012-05-11,,5,,,,3.86,,,,,,,,2012,12.72,,,,
2012-05-12,,5,,,,3.86,,,,,,,,2012,13.62,,,,
2012-05-13,,5,,,,3.86,,,,,,,,2012,14.95,,,,
2012-05-14,,5,,,,3.86,,,,,,,,2012,14,,,,
2012-05-15,,5,,,,3.86,,,,,,,,2012,13.22,,,,
2012-05-16,,5,0.1,,,3.86,,,,0.6,23.6,4.36,,2012,13.73,,,,
2012-05-17,,5,,,,3.86,,,,,,,,2012,12.49,,,,
2012-05-18,,5,,,,3.86,,,,,,,,2012,12.12,,,,
2012-05-19,,5,,,,3.86,,,,,,,,2012,13.28,,,,
2012-05-20,,5,,,,3.86,,,,,,,,2012,14.62,,,,
2012-05-21,,5,,,,3.86,,,,,,,,2012,13.05,,,,
2012-05-22,,5,,,,3.86,,,,,,,,2012,11.25,,,,
2012-05-23,,5,0.2,,,3.86,,,,,,,,2012,6.36,,,,
2012-05-24,,5,0.1,,24,3.86,,,,0.78,24.78,4.86,,2012,11.42,,,,
2012-05-25,,5,,,,3.86,,,,,,,,2012,15.14,,,,
2012-05-26,,5,,,,3.86,,,,,,,,2012,15.69,,,,
2012-05-27,,5,,,,3.86,,,,,,,,2012,14.96,,,,
2012-05-28,,5,0.1,,26,3.86,,,,0.07,26.07,4.64,,2012,13.21,,,,
2012-05-29,,5,,,,3.86,,,,,,,,2012,12.96,,,,
2012-05-30,,5,,,,3.86,,,,,,,,2012,12.26,,,,
2012-05-31,,5,,,,3.86,,,,,,,,2012,12.71,,,,
2012-06-01,,6,,,,3.86,,,,,,,,2012,12.91,,,,
2012-06-02,,6,,,,3.86,,,,,,,,2012,13.24,,,,
2012-06-03,,6,0.19,,26,3.86,,,,0.64,26.64,4.3,,2012,14.44,,,,
2012-06-04,,6,,,,3.86,,,,,,,,2012,12.88,,,,
2012-06-05,,6,,,,3.86,,,,,,,,2012,13.12,,,,
2012-06-06,,6,,,,3.86,,,,,,,,2012,12.93,,,,
2012-06-07,,6,,,,3.86,,,,,,,,2012,13.34,,,,
2012-06-08,,6,,,,3.86,,,,,,,,2012,13.17,,,,
2012-06-09,,6,,,,3.86,,,,,,,,2012,13.35,,,,
2012-06-10,,6,,,,3.86,,,,,,,,2012,13.85,,,,
2012-06-11,,6,,,,3.86,,,,,,,,2012,12.97,,,,
2012-06-12,,6,,,,3.86,,,,,,,,2012,12.92,,,,
2012-06-13,,6,0.02,,24,3.86,,,,0.83,24.83,4.71,,2012,13.3,,,,
2012-06-14,,6,,,,3.86,,,,,,,,2012,11.96,,,,
2012-06-15,,6,,,,3.86,,,,,,,,2012,12.27,,,,
2012-06-16,,6,,,,3.86,,,,,,,,2012,12.33,,,,
2012-06-17,,6,,,,3.86,,,,,,,,2012,13.93,,,,
2012-06-18,,6,,,,3.86,,,,,,,,2012,11.84,,,,
2012-06-19,,6,,,,3.86,,,,,,,,2012,11.39,,,,
2012-06-20,,6,,,,3.86,,,,,,,,2012,6.32,,,,
2012-06-21,,6,0.03,,24,3.86,,,,0.63,24.63,4.85,,2012,12.8,,,,
2012-06-22,,6,,,,3.86,,,,,,,,2012,14.25,,,,
2012-06-23,,6,,,,3.86,,,,,,,,2012,14.11,,,,
2012-06-24,,6,0.04,,24,3.86,,,,0.07,24.07,4.37,,2012,13.53,,,,
2012-07-11,4.7,,0.02,0.002,26,,0.088,26.09,4.6,0.35,26.35,4.7,1,,11.33,7.3,16.88,24.55,
2012-07-17,4.6,,0.02,0.002,27,,0.23,27.23,5,0.94,27.94,5,1,,11.85,7.3,18.49,23.2,
2012-08-05,4.9,,0.033,0.011,33,,0.07,33.08,5.4,0.98,33.99,5.5,1,,11.48,7.4,18.2,24.6,
2012-08-15,4.9,,0.032,0.011,32,,0.34,32.35,5.5,0.33,32.34,5.6,1,,11.6,7.35,23.6,24.8,
2012-09-12,4.2,,0.039,0.011,29,,0.44,29.45,4.2,1.1,30.11,4.3,1,,11.51,7.25,19.2,24.65,
2012-09-24,4,,0.049,0.014,30,,0.11,30.12,4.2,0.21,30.22,4.2,1,,12.42,7.25,18.391,24.3,
2012-10-07,4.4,,0.024,0.013,29,,0.14,29.15,4.45,0.15,29.16,4.49,1,,13.05,7.35,21.81,24.15,
2012-10-17,4,,0.02,0.012,31,,0.07,31.08,3.68,0.07,31.08,3.72,1,,12.447,7.3,12.8,24.45,
2012-10-22,4.1,,0.029,0.011,32,,0.15,32.16,3.64,0.32,32.33,3.71,1,,15.09,7.25,23.04,22.7,
2012-11-12,2.9,,0.02,0.016,31,,0.077,31.09,2.67,0.18,31.2,2.76,1,,12.32,7.15,20.19,21.55,
2012-11-19,3.7,,0.05,0.006,26,,0.12,26.13,3.71,0.47,26.48,3.85,1,,14.24,7.25,22.32,19.85,
2012-12-05,0.71,,0.03,0.002,12,,0.59,12.59,1.96,0.6,12.6,1.88,1,,22.92,7.35,36.27,20.65,
2012-12-11,3.2,,0.054,0.014,25,,0.09,25.1,3.38,0.45,25.46,3.42,1,,18.72,7.3,28.21,20.1,
2012-12-23,2.6,,0.02,0.009,16,,0.68,16.69,2.32,0.78,16.79,2.38,1,,23.8,7.55,36.21,17.85,
2013-01-02,2,,0.03,0.006,16,,0.79,16.8,2.02,0.94,16.95,2.08,1,,18.16,7.45,33.54,16.8,
2013-01-17,3.8,,0.03,0.008,23,,0.55,23.56,3.61,0.65,23.66,3.66,1,,15.336,7.45,22.36,18.15,
2013-02-07,3.3,,0.04,0.005,18,,1.1,19.11,2.45,1,19.01,2.88,1,,14.16,7.5,21.07,18.7,
2013-02-12,3.9,,0.02,0.006,19,,0.71,19.72,3.49,1,20.01,3.53,1,,14.074,7.5,26.54,19,
2013-03-06,3.6,,0.06,0.005,19,,1.1,20.11,3.4,1,20.01,3.7,1.3,,13.608,7.5,18.74,19.2,
2013-03-20,3.8,,0.02,0.007,22,,0.52,22.53,4,0.46,22.47,4.1,1,,10.88,7.5,28.98,20.35,
2013-04-02,4,,0.02,0.011,22,,0.49,22.5,4.4,0.77,22.78,4.4,1.3,,15.212,7.35,22.577,20.85,
2013-04-08,4.3,,0.03,0.01,23,,0.51,23.52,3.18,0.48,23.49,3.19,1,,15.662,7.4,22.83,20.4,
2013-05-08,5,,0.02,0.015,29,,0.2,29.22,3.9,0.15,29.17,4.8,1,,12.633,7.35,19.02,22.45,
2013-05-14,3.9,,0.02,0.011,35,,0.07,35.08,4.3,0.59,35.6,4.4,1,,9.987,7.45,18.323,23,
2013-06-05,4.9,,0.02,0.013,33,,0.14,33.15,4.71,0.18,33.19,4.98,1,,9.001,7.35,18.35,22.85,
2013-06-11,4.8,,0.02,0.012,36,,0.14,36.15,4.73,0.53,36.54,4.73,1,,9.29,7.2,15.76,23.5,
2013-07-02,5.1,,0.02,0.014,35,,0.07,35.08,5.17,0.11,35.12,5.18,1,,9.97,7.25,18.5,23.55,
2013-07-10,4.3,,0.02,0.018,31,,0.07,31.09,4.38,0.22,31.24,4.51,1,,10.85,7.25,20.96,24.85,
2013-08-14,4.8,,0.02,0.014,35,,0.44,35.45,4.99,0.45,35.46,4.96,1,,10.72,7.3,21.34,24.15,
2013-08-27,4.9,,0.03,0.012,30,,0.18,30.19,4.93,0.26,30.27,5.94,1,,9.44,7.2,15.86,24.9,
2013-09-03,5,,0.04,0.023,39.6,,0.07,39.69,4.99,0.088,39.71,6.9,1,,11.49,7.2,20.21,25,
2013-09-17,4.9,,0.03,0.018,46.2,,0.13,46.35,4.9,1.1,47.32,5.09,1,,9.64,7.35,18.88,25.5,
2013-10-09,4.5,,0.03,0.012,41.1,,0.18,41.29,4.7,0.087,41.2,4.76,1,,11.704,7.2,19.717,24,
2013-10-16,4.8,,0.03,,42.4,,0.35,42.75,4.08,0.4,42.8,4.17,1,,10.425,7.15,20.696,24,
2013-11-06,4.6,,0.03,0.011,44.6,,0.18,44.79,4.05,0.2,44.81,3.98,1,,11.007,7.15,16.632,22.5,
2013-11-21,4.4,,0.04,0.009,34.8,,0.26,35.1,4.54,0.83,35.6,4.6,1,,13.891,7.3,21.119,22,
2013-11-26,4.2,,0.03,0.007,34,,0.33,34.3,4,0.34,34.3,4.4,1,,10.113,7.3,18.073,21.5,
2013-12-04,4.4,,0.02,0.008,35,,0.22,35.2,4.4,0.79,35.8,4.8,1,,12.708,7.3,22.324,20.5,
2013-12-10,4,,0.02,0.007,35,,0.07,35.08,4.5,0.07,35.08,4.4,1,,12.75,7.25,17.474,19,
2014-01-08,4.6,,0.02,0.009,33,,0.09,33.1,4.7,0.07,33.08,4.7,1,,11.777,7.4,21.504,19.5,
2014-01-28,4.9,,0.02,0.01,39,,0.2,39.21,5.3,0.18,39.19,5.6,1,,8.73,7.25,14.738,19.5,
2014-02-04,4.5,,0.02,0.01,39,,0.4,39.41,4.9,0.22,39.23,4.9,1,,8.372,7.25,19.223,19.5,
2014-02-09,2.2,,0.06,0.009,22,,0.07,7.3,2.4,0.35,7.1,2.5,1,,26.827,7.2,34.276,17.5,
2014-02-18,3.3,,0.08,0.014,24,,0.44,24.45,3.3,0.07,24.08,3.4,1,,13.167,7.25,21.112,19,
2014-03-03,2.4,,0.02,0.005,20,,0.07,20.08,2.3,1.3,21.31,2.4,1,,19.328,7.25,29.14,19.5,
2014-03-11,3.2,,0.07,0.01,23,,0.22,23.23,3.1,0.07,23.08,3.3,1,,16.29,7.3,28.9144,20.5,
2014-04-02,3,,0.05,0.005,24,,0.07,24.075,2.9,0.35,24.355,3.2,1,,21.498,7.2,19.082,20.5,
2014-04-09,3.2,,0.05,0.007,26,,0.07,26.077,3.2,0.07,26.077,3.3,1,,17.074,7.25,23.0645,21.95,
2014-04-15,3.6,,0.02,0.008,23,,0.07,23.078,3.8,0.07,23.078,3.8,1,,15.615,7.35,24.223,22.45,
2014-05-06,4.2,,0.04,0.008,26,,0.31,26.318,4.4,0.62,26.628,4.3,1,,11.975,7.3,19.238,22.45,
2014-05-13,4.2,,0.04,0.01,26,,0.07,26.08,4.3,0.35,26.36,4.4,1,,11.205,7.15,17.596,24.2,
2014-06-03,4.9,,0.02,0.006,31,,0.25,31.256,4.9,0.46,31.466,5.2,1,,10.964,7.25,18.423,23.9,
2014-06-11,4.5,,0.03,0.009,24,,0.4,24.409,4.3,0.26,24.269,4.3,1,,10.01,7.25,18.206,24.55,
2014-07-03,,,0.04,,,,,,,,25.4,6,,,9.438,,,,
2014-07-07,,,0.02,,,,,,,,27.4,4.8,,,9.515,,,,
2014-07-15,,,0.03,,,,,,,,23,4.8,,,7.76,,,,
2014-07-22,,,0.03,,,,,,,,26.22,4.9,,,9.8,,,,
2014-08-07,4.4,,0.03,,27,,,,,0.07,27,4.7,,,10.989,,,,
2014-08-11,,,0.03,,28,,,,,0.13,28,4.5,,,9.71,,,,
2014-08-19,4.3,,0.05,,28,,,,,0.07,28,4.5,,,9.357,,,,
2014-08-26,,,0.02,,26,,,,,0.07,26,4.5,,,7.69,,,,
2014-09-02,,,0.04,,26,,,,,0,26.1,4.6,,,8.815,,,,
2014-09-09,4.6,,0.04,,25,,,,,1.1,26.1,4.5,,,8.495,,,,
2014-09-16,5,,0.06,,28,,,,,0.18,28.2,5,,,7.236,,,,
2014-09-22,,,0.02,,23,,,,,0.13,23.1,4.8,,,1.949,,,,
2014-10-07,4.6,,0.02,,25,,,,,0.4,25.4,4.5,,,9.417,,,,
2014-10-14,,,0.02,,27,,,,,0,27.1,5.2,,,10.608,,,,
2014-10-21,4.9,,0.08,,27,,,,,0.22,27.2,5,,,11.622,,,,
2014-10-28,,,0.06,,26,,,,,0.18,26.2,4.9,,,10.122,,,,
2014-11-04,,,0.03,,28,,,,,0.31,28.3,4.2,,,12.163,,,,
2014-11-12,4.7,,0.06,,30,,,,,0.18,30.2,4.8,,,11.706,,,,
2014-11-19,4.8,,0.05,,27,,,,,0.18,27.2,5.2,,,9.487,,,,
2014-11-26,,,0.04,,26,,,,,0.7,26.7,4.6,,,13.815,,,,
2014-12-02,,,0.04,,26,,,,,0,26.1,4.7,,,19.25,,,,
2014-12-09,3.2,,0.03,,20,,,,,0.66,20.7,3.2,,,14.838,,,,
2014-12-16,1.6,,0.04,,14,,,,,0.31,14.3,1.8,,,30.516,,,,
2014-12-23,,,0.04,,14,,,,,0.35,14.4,2.1,,,26.963,,,,
2014-12-30,,,0.04,,22,,,,,0.09,22.1,3.1,,,15.441,,,,
2015-01-06,,,0.05,,24,,,,,0.44,24.4,4.1,,,15.379,,,,
2015-01-14,4.4,,0.04,,24,,,,,0.48,24.5,4.5,,,14.45,,,,
2015-01-21,4.4,,0.03,,25,,,,,0.35,25.4,4.8,,,13.361,,,,
2015-01-27,,,0.04,,23,,,,,0.26,23.3,4,,,13.991,,,,
2015-02-03,,,0.04,,25,,,,,0.13,25.1,4.9,,,12.313,,,,
2015-02-11,3.8,,0.03,,19,,,,,0,19.1,3.7,,,16.912,,,,
2015-02-17,,,0.03,,21,,,,,0.35,21.4,3.6,,,15.263,,,,
2015-02-25,4.3,,0.03,,23,,,,,0.48,23.5,4.4,,,13.992,,,,
2015-03-04,,,0.03,,21,,,,,0.48,21.5,4.4,,,13.615,,,,
2015-03-10,4.5,,0.02,,23,,,,,0.48,23.5,4.5,,,13.186,,,,
2015-03-18,4.9,,0.04,,24,,,,,0.13,24.1,5.1,,,12.418,,,,
2015-03-24,,,0.03,,24,,,,,0.18,24.2,5.4,,,12.746,,,,
2015-07-15,,,,,,,,,,,,,,,8.62809677419355,,,,
2015-08-15,,,,,,,,,,,,,,,8.71741935483871,,,,
2015-09-15,,,,,,,,,,,,,,,9.13536666666667,,,,
2015-10-15,,,,,,,,,,,,,,,10.9058064516129,,,,
2015-11-15,,,,,,,,,,,,,,,11.7741,,,,
2015-12-15,,,,,,,,,,,,,,,13.9233548387097,,,,
2016-01-15,,,,,,,,,,,,,,,19.5084838709677,,,,
2016-02-15,,,,,,,,,,,,,,,14.8987931034483,,,,
2016-03-15,,,,,,,,,,,,,,,20.6437419354839,,,,
2016-04-15,,,,,,,,,,,,,,,13.7996333333333,,,,
2016-05-15,,,,,,,,,,,,,,,11.5050322580645,,,,
2016-06-15,,,,,,,,,,,,,,,9.83829166666667,,,,
2016-07-15,,,,,,,,,,,,,,,9.64887096774194,,,,
2016-08-15,,,,,,,,,,,,,,,9.8761935483871,,,,
2016-09-15,,,,,,,,,,,,,,,9.60323333333333,,,,
2016-10-15,,,,,,,,,,,,,,,11.7297419354839,,,,
2016-11-15,,,,,,,,,,,,,,,13.3083666666667,,,,
2016-12-15,,,,,,,,,,,,,,,16.3654838709677,,,,
2017-01-15,,,,,,,,,,,,,,,21.6063225806452,,,,
2017-02-15,,,,,,,,,,,,,,,20.6368928571429,,,,
2017-03-15,,,,,,,,,,,,,,,20.9430967741935,,,,
2017-04-15,,,,,,,,,,,,,,,19.3669,,,,
2017-05-15,,,,,,,,,,,,,,,14.0237096774194,,,,
2017-06-15,,,,,,,,,,,,,,,12.4067666666667,,,,
2017-07-15,,,,,,,,,,,,,,,11.478064516129,,,,
2017-08-15,,,,,,,,,,,,,,,11.4361290322581,,,,
2017-09-15,,,,,,,,,,,,,,,11.6996666666667,,,,
2017-10-15,,,,,,,,,,,,,,,11.7674193548387,,,,
2017-11-15,,,,,,,,,,,,,,,13.3106666666667,,,,
2017-12-15,,,,,,,,,,,,,,,12.6906451612903,,,,
2018-01-15,,,,,,,,,,,,,,,15.3890322580645,,,,
2018-02-15,,,,,,,,,,,,,,,13.6189285714286,,,,
2018-03-15,,,,,,,,,,,,,,,17.5632258064516,,,,
2018-04-15,,,,,,,,,,,,,,,17.592,,,,
2018-05-15,,,,,,,,,,,,,,,12.7554838709677,,,,
2018-06-15,,,,,,,,,,,,,,,11.6283333333333,,,,