Date,DRP** mg/L P,Month,NH3 mg/L N,NO2 mg/L N,NO3 mg/L N,OrgN mg/L N,PO4 mg/L P,SKN mg/L N,TDN mg/L N,TDP mg/L P,TDS mg/L,TKN mg/L N,TN mg/L N,TP mg/L P,TSS mg/L,Year,flow mgd,pH,peak_flow mgd,temperature degC,urea* mg/L N
2000-01-05,,1,10.6,1.03,12.5,4.2,3.627,,,,,,,3.9,10.6,2000,16.3,7.2,,11,
2000-01-06,,1,10.4,,,,,,,,,,,,11.4,2000,16.34,7.2,,10.5,
2000-01-07,,1,12,,,,,,,,,,,,8.6,2000,16.35,7,,13.5,
2000-01-11,,1,7.5,1.09,14.4,4.6,,,,,,,,,12.4,2000,15.9,7.1,,13,
2000-01-12,,1,8,,,,,,,,,,,,12.2,2000,16.35,7,,12.5,
2000-01-13,,1,7.3,,,,,,,,,,,,12.4,2000,16.33,7,,14,
2000-01-17,,1,7.5,1,18.6,6.4,,,,,,,,,14.6,2000,12.28,7,,12,
2000-01-18,,1,5.5,,,,,,,,,,,,18.8,2000,15.79,7,,13.5,
2000-01-19,,1,5,,,,,,,,,,,,14.6,2000,16.68,6.8,,15,
2000-01-23,,1,5.8,0.73,19,4,,,,,,,,,16.6,2000,17.68,6.8,,15,
2000-01-24,,1,5.9,,,,,,,,,,,,7.6,2000,19.39,6.9,,14.5,
2000-01-25,,1,8.5,,,,,,,,,,,,8.4,2000,20.81,6.9,,13.5,
2000-02-01,,2,8.4,0.75,,6.8,4.278,,,,,,,4.6,11,2000,23.35,7.1,,13.5,
2000-02-02,,2,8.8,,,,,,,,,,,,9.4,2000,22.92,7,,14.5,
2000-02-03,,2,8.7,,14.5,,,,,,,,,,8.4,2000,22.48,7.2,,14.5,
2000-02-09,,2,12.4,0.85,12.5,3.7,,,,,,,,,9.4,2000,22.79,7.7,,14,
2000-02-10,,2,13.8,,,,,,,,,,,,10.8,2000,23.6,7.2,,14,
2000-02-11,,2,12.9,,,,,,,,,,,,8.4,2000,22.41,7.1,,14,
2000-02-13,,2,11.4,0.74,11,5.2,,,,,,,,,10.6,2000,23.54,7.3,,12,
2000-02-14,,2,11.7,,,,,,,,,,,,12,2000,23.71,7.3,,14,
2000-02-15,,2,10.4,,,,,,,,,,,,12.2,2000,22.94,7.2,,14,
2000-02-23,,2,12.4,0.7,10.4,1.6,,,,,,,,,9.8,2000,22.14,7.2,,12,
2000-02-24,,2,13,,,,,,,,,,,,9.8,2000,23.26,7.2,,12.5,
2000-02-25,,2,11.2,,,,,,,,,,,,7.4,2000,20.39,7.1,,13,
2000-02-29,,2,8.9,0.83,5.1,2,3.162,,,,,,,3.4,10,2000,20.64,7.2,,13,
2000-03-01,,3,7.8,,,,,,,,,,,,12.8,2000,20.98,7.1,,13,
2000-03-02,,3,6.9,,,,,,,,,,,,17.6,2000,20.39,7,,13,
2000-03-05,,3,8.2,0.8,7,3.4,,,,,,,,,9.6,2000,19.73,7,,12.5,
2000-03-06,,3,8,,,,,,,,,,,,11.4,2000,19.65,7.1,,12.5,
2000-03-07,,3,10.2,,,,,,,,,,,,9.4,2000,19.99,7.1,,13.5,
2000-03-15,,3,3.9,0.77,13.1,3.5,,,,,,,,,13.2,2000,19.53,7.2,,16,
2000-03-16,,3,3.7,,,,,,,,,,,,10.2,2000,20.3,7.4,,17,
2000-03-17,,3,3.9,,,,,,,,,,,,8.8,2000,20.24,7.1,,17,
2000-03-20,,3,4.3,0.74,12,3.9,,,,,,,,,9,2000,20.23,7.4,,16,
2000-03-21,,3,4.2,,,,,,,,,,,,8.6,2000,19.16,7.2,,14.5,
2000-03-22,,3,3.5,,,,,,,,,,,,4.7,2000,19.74,7.2,,18,
2000-03-26,,3,4.4,0.79,12.9,4.7,,,,,,,,,6.8,2000,18.09,7.1,,15.5,
2000-03-27,,3,6.1,,,,,,,,,,,,7,2000,16.59,7.1,,14,
2000-03-28,,3,5.5,,,,,,,,,,,,6.2,2000,15.71,7.2,,14,
2000-04-04,,4,1.7,0.78,17.1,1.5,3.627,,,,,,,3.9,8,2000,15.1,6.9,,18,
2000-04-05,,4,1.5,,,,,,,,,,,,6.5,2000,14.2,6.9,,18,
2000-04-06,,4,1,,,,,,,,,,,,6.4,2000,13.71,6.9,,17.5,
2000-04-09,,4,0.4,0.03,15.4,3.6,,,,,,,,,6.2,2000,14.39,7,,17,
2000-04-10,,4,0.2,,,,,,,,,,,,7.4,2000,13.82,6.7,,18,
2000-04-11,,4,0.1,,,,,,,,,,,,7.2,2000,11.68,6.9,,17,
2000-04-19,,4,0.7,0.05,16.5,3,,,,,,,,,8,2000,13.88,7.1,,17,
2000-04-20,,4,0.4,,,,,,,,,,,,7.9,2000,13.97,7.3,,17,
2000-04-21,,4,0.3,,,,,,,,,,,,7.4,2000,13.55,6.9,,19.5,
2000-04-24,,4,3.3,0.23,18.8,1.5,,,,,,,,,7.4,2000,13.49,7.1,,19,
2000-04-25,,4,1.2,,,,,,,,,,,,8,2000,13.08,7,,16.5,
2000-04-26,,4,0.8,,,,,,,,,,,,6.2,2000,13.83,7.1,,19.5,
2000-05-02,,5,0.7,0.02,5.5,1.1,3.813,,,,,,,4.1,7.4,2000,14.14,7.1,,19,
2000-05-03,,5,0.3,,,,,,,,,,,,6.8,2000,13.51,7.1,,19.5,
2000-05-04,,5,0.1,,,,,,,,,,,,7.2,2000,14.06,7.2,,18.5,
2000-05-10,,5,1.3,0.2,8.2,4.1,,,,,,,,,6.4,2000,12.06,7,,17.5,
2000-05-11,,5,0.8,,,,,,,,,,,,6.4,2000,11.96,7.1,,16.5,
2000-05-12,,5,1.2,,,,,,,,,,,,5.8,2000,11.38,7.1,,17,
2000-05-15,,5,1.3,0.24,6.5,4.8,,,,,,,,,8.2,2000,11.14,7.2,,17.5,
2000-05-16,,5,1.5,,,,,,,,,,,,6.8,2000,12.03,7.1,,16,
2000-05-17,,5,1.2,,,,,,,,,,,,9.4,2000,11.93,7.1,,17.5,
2000-05-21,,5,0.7,0.04,5,3.4,,,,,,,,,9,2000,12.45,7.1,,25,
2000-05-22,,5,0.6,,,,,,,,,,,,9.2,2000,12.91,7.1,,24,
2000-05-23,,5,0.9,,,,,,,,,,,,8.4,2000,13.58,6.9,,23.5,
2000-05-29,,5,1.1,0.26,12,2.8,,,,,,,,,12,2000,13.36,7,,19.5,
2000-05-30,,5,1.3,,,,,,,,,,,,11.4,2000,13.82,7,,20,
2000-05-31,,5,1.3,,,,,,,,,,,,10.4,2000,13.05,7,,20.5,
2000-06-06,,6,0.9,0.17,11.8,3.2,3.72,,,,,,,4,9.8,2000,13.5,7,,20.5,
2000-06-07,,6,0.9,,,,,,,,,,,,11.2,2000,13.48,7,,20.5,
2000-06-08,,6,1.6,,,,,,,,,,,,10,2000,13.54,7,,18.5,
2000-06-14,,6,0.5,0.03,8.9,4.3,,,,,,,,,8.6,2000,13.27,6.9,,26,
2000-06-15,,6,0.7,,,,,,,,,,,,8,2000,13.21,6.9,,25,
2000-06-16,,6,0.6,,,,,,,,,,,,8.4,2000,13.16,6.9,,19.5,
2000-06-19,,6,0.6,0.17,14.1,3.6,,,,,,,,,9,2000,12.71,7.1,,24,
2000-06-20,,6,0.6,,,,,,,,,,,,9.4,2000,13.5,7.1,,23,
2000-06-21,,6,0.5,,,,,,,,,,,,8.8,2000,13.35,7.1,,24,
2000-06-25,,6,0.2,0.02,9.7,3.5,,,,,,,,,11.8,2000,7.55,7.1,,21.5,
2000-06-26,,6,0.3,,,,,,,,,,,,13.4,2000,6.41,6.9,,25,
2000-06-27,,6,0.2,,,,,,,,,,,,11.4,2000,7.05,7,,22.5,
2000-07-01,,7,0.5,,,,,,,,,,,,9.6,2000,13.4,7.1,,21.5,
2000-07-05,,7,0.4,0.01,,1.8,,,,,,,,,9.4,2000,16.15,7.2,,20,
2000-07-06,,7,0.1,,,,,,,,,,,,11,2000,15.49,7.1,,20,
2000-07-07,,7,0.5,,,,,,,,,,,,6.2,2000,14.24,7,,20,
2000-07-10,,7,0.6,,8.1,2.9,,,,,,,,,7.4,2000,15.3,7,,23,
2000-07-11,,7,0.6,,,,,,,,,,,,7,2000,15.73,7.3,,22,
2000-07-12,,7,0.9,,,,,,,,,,,,5.4,2000,15.4,7.2,,23,
2000-07-18,,7,1.4,0.18,9.5,2.6,,,,,,,,,10.6,2000,15.74,7.3,,20,
2000-07-19,,7,1,,,,15.438,,,,,,,16.6,11,2000,15.39,7.4,,22,
2000-07-20,,7,0.5,,,,,,,,,,,,11.6,2000,16.44,7.5,,20,
2000-07-23,,7,1.1,0.04,9.6,2.7,,,,,,,,,10.8,2000,17.35,6.8,,22.5,
2000-07-24,,7,0.6,,,,,,,,,,,,10,2000,17.05,7.3,,24,
2000-07-25,,7,0.5,,,,,,,,,,,,11.6,2000,17.02,7.4,,22.5,
2000-07-27,,7,0.8,,,,,,,,,,,,10.8,2000,7.93,,,,
2000-08-01,,8,0.2,0.01,6.5,,,,,,,,,,11.4,2000,15.54,7.3,,25.5,
2000-08-02,,8,0.5,0.01,,,,,,,,,,,9.8,2000,15.81,7,,25.5,
2000-08-03,,8,0.4,,,,,,,,,,,,10.4,2000,16.02,7,,25,
2000-08-09,,8,0.2,,8,,14.508,,,,,,,15.6,8.2,2000,11.64,7.8,,23,
2000-08-10,,8,0.1,0.01,,,,,,,,,,,11.2,2000,11.58,7.1,,23,
2000-08-11,,8,0.1,,,,,,,,,,,,1.2,2000,10.46,7.2,,22.5,
2000-08-14,,8,1.6,0.01,3.4,,,,,,,,,,9.6,2000,9.75,7.2,,23.5,
2000-08-15,,8,0.2,,,,,,,,,,,,7.6,2000,9.17,7.1,,23.5,
2000-08-16,,8,0.2,,,,,,,,,,,,7.2,2000,7.64,7.1,,23.5,
2000-08-22,,8,0.2,0.01,2.7,,,,,,,,,,9,2000,12.96,7,,22.5,
2000-08-23,,8,0.2,,,,,,,,,,,,8.6,2000,12.76,7,,22.5,
2000-08-24,,8,0.1,,,,,,,,,,,,9,2000,13.05,7,,22.5,
2000-08-27,,8,0.1,0.01,8.7,,,,,,,,,,8.6,2000,13.2,7,,22.5,
2000-08-28,,8,0.2,,,,,,,,,,,,9.8,2000,12.91,6.9,,23,
2000-08-29,,8,0.2,,,,,,,,,,,,9.8,2000,13.17,7,,23,
2000-09-06,,9,1,0.04,5.4,3.8,4.092,,,,,,,4.4,8.8,2000,13.36,7.2,,20.5,
2000-09-07,,9,0.4,0.04,,,,,,,,,,,8.2,2000,13.52,7.3,,23.5,
2000-09-08,,9,1,,,,,,,,,,,,8.4,2000,13.48,7.3,,22.5,
2000-09-13,,9,0.5,0.04,11.6,4.2,,,,,,,,,6.4,2000,12.74,7.1,,23,
2000-09-14,,9,0.2,,,,,,,,,,,,2.6,2000,11.77,6.8,,23.5,
2000-09-15,,9,0.4,,,,,,,,,,,,1.6,2000,11.89,7,,23.5,
2000-09-18,,9,0.5,0.01,13.5,4.1,,,,,,,,,2.4,2000,9.8,7.2,,24,
2000-09-19,,9,0.4,,,,,,,,,,,,1.6,2000,10.68,6.5,,22,
2000-09-20,,9,1.1,,,,,,,,,,,,3.4,2000,9.76,7.1,,24,
2000-09-24,,9,1.4,0.12,19.9,1.3,,,,,,,,,3.8,2000,8.47,6.9,,22.5,
2000-09-25,,9,2.2,,,,,,,,,,,,7.6,2000,8.4,6.8,,23,
2000-09-26,,9,1.4,,,,,,,,,,,,7,2000,7.37,7.2,,22.5,
2000-10-03,,10,6.7,0.39,15,0.7,4.836,,,,,,,5.2,3.9,2000,13,7.2,,22,
2000-10-04,,10,5.4,,,,,,,,,,,,4.2,2000,13.05,7.2,,22,
2000-10-05,,10,7.8,,,,,,,,,,,,4.3,2000,15.25,7.1,,22,
2000-10-09,,10,7.4,0.92,12.6,2.8,,,,,,,,,7.5,2000,18.68,7.2,,21,
2000-10-10,,10,8.6,,,,,,,,,,,,5.7,2000,13.61,7.2,,22,
2000-10-11,,10,7.9,,,,,,,,,,,,1.9,2000,12.63,7.1,,18,
2000-10-15,,10,6.9,,12.1,0.5,,,,,,,,,4.9,2000,15.11,7.1,,18,
2000-10-16,,10,5.2,,,,,,,,,,,,5.6,2000,15.96,7,,20,
2000-10-17,,10,4.7,1.15,,,,,,,,,,,5.8,2000,16.75,7.2,,19.5,
2000-10-25,,10,8.4,1.01,10.5,1.7,,,,,,,,,8.6,2000,13.76,7,,17.5,
2000-10-26,,10,12.5,,,,,,,,,,,,6.7,2000,14.14,7.1,,17,
2000-10-31,,10,10.9,0.97,7.2,2,,,,,,,,,9,2000,17.28,7.2,,15.5,
2000-11-01,,11,11,,,,,,,,,,,,10.6,2000,17.23,7.3,,15.5,
2000-11-02,,11,10.8,,,,,,,,,,,,10.4,2000,17.19,7.1,,15.5,
2000-11-05,,11,13.9,1.03,7.4,1.4,4.185,,,,,,,4.5,9.6,2000,13.59,7.1,,17,
2000-11-06,,11,11.8,,,,,,,,,,,,6.5,2000,16.27,7.3,,17,
2000-11-07,,11,12.9,,,,,,,,,,,,7,2000,8.37,,,,
2000-11-14,,11,10.1,0.72,9.2,9.9,,,,,,,,,7.6,2000,15.01,7.2,,10.5,
2000-11-15,,11,11.2,,,,,,,,,,,,7.5,2000,15.02,7.2,,10.5,
2000-11-16,,11,13.6,,,,,,,,,,,,8.1,2000,16.16,7.3,,12,
2000-11-19,,11,12.9,0.68,5.6,15.2,,,,,,,,,7.7,2000,16.63,7.4,,13,
2000-11-20,,11,14.3,,,,,,,,,,,,8.4,2000,16.6,7.3,,12.5,
2000-11-21,,11,12.2,,,,,,,,,,,,7.8,2000,17.16,7.3,,12.3,
2000-11-27,,11,10.5,0.8,12.2,4.7,,,,,,,,,9.7,2000,16.5,7.2,,13,
2000-11-28,,11,9.5,,,,,,,,,,,,9,2000,16.22,7.3,,13.5,
2000-11-29,,11,7.6,,,,,,,,,,,,12.4,2000,16.21,7.2,,14,
2000-12-05,,12,10.8,0.77,,2.8,4.185,,,,,,,4.5,10.5,2000,14.34,7,,13,
2000-12-06,,12,12.8,,,,,,,,,,,,9.4,2000,14.25,7.3,,13,
2000-12-07,,12,6.7,,,,,,,,,,,,12.9,2000,13.64,7.1,,13,
2000-12-10,,12,6.8,0.77,12.2,4,,,,,,,,,10,2000,13.98,7.1,,14,
2000-12-11,,12,8.3,,,,,,,,,,,,10.1,2000,15.28,7,,14,
2000-12-12,,12,8.6,,,,,,,,,,,,11.4,2000,13.16,7.1,,13.5,
2000-12-18,,12,8.3,0.64,11.6,2.3,,,,,,,,,9.7,2000,15.44,7.3,,12,
2000-12-19,,12,8.2,,,,,,,,,,,,10.2,2000,13.5,7.2,,12,
2000-12-20,,12,10.9,,,,,,,,,,,,8.3,2000,13.85,7.2,,12.5,
2000-12-25,,12,9.1,0.61,11.6,2.9,,,,,,,,,6,2000,15.3,7.2,,12.5,
2000-12-26,,12,9.7,,,,,,,,,,,,8,2000,13.48,7.2,,9,
2000-12-27,,12,6.4,,,,,,,,,,,,7,2000,14.11,7.2,,9,
2001-01-03,,1,5.3,0.51,15.7,5.1,,,,,,,,,8,2001,11.82,6.9,,12,
2001-01-04,,1,3.4,,,,,,,,,,,,8.7,2001,11.67,7.1,,11,
2001-01-05,,1,,,,,4.743,,,,,,,5.1,9.1,2001,11.96,7.1,,12,
2001-01-09,,1,7.2,0.58,13.1,4.1,,,,,,,,,6.6,2001,7.89,,,,
2001-01-10,,1,8,0.58,,,,,,,,,,,9.3,2001,11.72,7.4,,11,
2001-01-11,,1,6.2,,,,,,,,,,,,8.6,2001,12.22,7.2,,10.5,
2001-01-15,,1,5.9,0.59,14.1,1.7,,,,,,,,,8.8,2001,12.93,7.2,,11.5,
2001-01-16,,1,7.3,,,,,,,,,,,,10.8,2001,12.76,7.3,,9.5,
2001-01-17,,1,6.1,,,,,,,,,,,,8.3,2001,12.71,7.1,,10.5,
2001-01-23,,1,4.2,0.74,19.5,5.8,,,,,,,,,10,2001,15.06,7.2,,11,
2001-01-24,,1,4,,,,,,,,,,,,8.2,2001,15.64,7.1,,12,
2001-01-25,,1,5.2,,,,,,,,,,,,9.4,2001,16.87,7.1,,11.5,
2001-02-05,,2,4.6,0.55,19.3,3.9,3.255,,,,,,,3.5,8.3,2001,13.75,6.9,,14.5,
2001-02-06,,2,6.8,,,,,,,,,,,,7.8,2001,16.28,7,,13.5,
2001-02-07,,2,7.2,,,,,,,,,,,,8.6,2001,17.51,6.9,,12,
2001-02-14,,2,5,0.73,16.5,6.5,,,,,,,,,14.3,2001,11.89,6.9,,12,
2001-02-15,,2,5.1,,,,,,,,,,,,17.8,2001,18.54,6.9,,12.5,
2001-02-16,,2,4.2,,,,,,,,,,,,14.3,2001,21.02,6.9,,12,
2001-02-20,,2,3.4,0.51,17.5,6.2,,,,,,,,,11.2,2001,20.13,7.1,,13.5,
2001-02-21,,2,3.9,,,,,,,,,,,,11.3,2001,17.67,7.1,,14.5,
2001-02-22,,2,3.7,,,,,,,,,,,,11.3,2001,20.43,7.2,,13.5,
2001-02-26,,2,3.3,0.42,13.1,5.6,,,,,,,,,12.9,2001,21.24,7.4,,13,
2001-02-27,,2,3.5,,,,,,,,,,,,11.8,2001,20.75,7.2,,14,
2001-02-28,,2,3.4,,,,,,,,,,,,9.7,2001,19.98,7.1,,14.5,
2001-03-04,,3,4.2,0.46,11.7,6,2.79,,,,,,,3,15.2,2001,22.34,7.5,,13.5,
2001-03-05,,3,2.7,,,,,,,,,,,,13.6,2001,22.51,7.1,,14,
2001-03-06,,3,3.5,,,,,,,,,,,,14.4,2001,22.65,7.2,,15,
2001-03-12,,3,2.9,0.35,17,7.8,,,,,,,,,11.8,2001,22.56,7.1,,15.5,
2001-03-13,,3,2.8,,,,,,,,,,,,12,2001,22.31,7.1,,16,
2001-03-14,,3,2.9,,,,,,,,,,,,10.6,2001,22.29,7.2,,17,
2001-03-20,,3,0.4,0.05,15.7,6.6,,,,,,,,,6.1,2001,15.39,7,,20,
2001-03-21,,3,0.3,,,,,,,,,,,,9.5,2001,12.21,6.9,,21,
2001-03-22,,3,0.3,,,,,,,,,,,,4.8,2001,14.07,6.9,,20,
2001-03-28,,3,1.1,0.08,13.5,6.4,,,,,,,,,7.9,2001,13.59,7.1,,18.5,
2001-03-29,,3,1.2,,,,,,,,,,,,6.3,2001,13.67,7.1,,18,
2001-03-30,,3,1.7,,,,,,,,,,,,2.9,2001,13.82,6.9,,19,
2001-04-04,,4,0.4,0.13,11.8,6.1,2.883,,,,,,,3.1,5.2,2001,7.16,7.1,,16.5,
2001-04-05,,4,0.5,,,,,,,,,,,,4.7,2001,7.37,7.1,,16,
2001-04-06,,4,0.4,,,,,,,,,,,,6.3,2001,6.47,7,,16,
2001-04-10,,4,0.6,0.03,19.9,6.1,,,,,,,,,5.1,2001,7.48,7.1,,16.5,
2001-04-11,,4,0.9,,,,,,,,,,,,7.9,2001,7.74,7.1,,16,
2001-04-12,,4,0.8,,,,,,,,,,,,4.2,2001,11.88,7,,16,
2001-04-16,,4,0.8,0.21,16,4.6,,,,,,,,,5.9,2001,14.32,7.1,,16,
2001-04-17,,4,1.2,,,,,,,,,,,,5.6,2001,13.88,7.2,,17,
2001-04-18,,4,0.7,,,,,,,,,,,,6.2,2001,13.8,7.1,,18.5,
2001-04-22,,4,0.8,0.14,14.6,4.4,,,,,,,,,9.7,2001,13.46,7.2,,18,
2001-04-23,,4,0.7,,,,,,,,,,,,10.1,2001,13.65,7,,17,
2001-04-24,,4,0.4,,,,,,,,,,,,6.3,2001,13.33,7,,17,
2001-05-01,,5,0.1,0.01,8.9,5.1,2.604,,,,,,,2.8,7,2001,13.2,7.1,,19,
2001-05-02,,5,0.2,,,,,,,,,,,,7.8,2001,14.05,7.3,,18,
2001-05-03,,5,0.1,,,,,,,,,,,,8.6,2001,15.63,7.2,,17.5,
2001-05-09,,5,0.1,0.01,5.4,4.6,,,,,,,,,7.8,2001,15.92,7.2,,22.5,
2001-05-10,,5,0.1,,,,,,,,,,,,4.6,2001,17.11,7,,21.5,
2001-05-11,,5,0.1,,,,,,,,,,,,3,2001,17.16,7.1,,21,
2001-05-13,,5,0.1,0.01,3.9,3.9,,,,,,,,,7.9,2001,17.18,7.2,,21,
2001-05-14,,5,0.1,,,,,,,,,,,,3.7,2001,18.02,7,,19,
2001-05-15,,5,0.1,,,,,,,,,,,,6.8,2001,16.96,6.9,,19.5,
2001-05-21,,5,0.1,0.01,3.4,4.1,,,,,,,,,7.3,2001,10.76,7.1,,23.5,
2001-05-22,,5,0.1,,,,,,,,,,,,6.9,2001,7.49,7,,23.5,
2001-05-23,,5,0.1,,,,,,,,,,,,7.4,2001,5.22,7.1,,23.5,
2001-05-29,,5,0.3,0.02,4,4.5,,,,,,,,,6.1,2001,18.55,7.2,,19.5,
2001-05-30,,5,0.6,,,,,,,,,,,,7.4,2001,18.09,6.9,,20.5,
2001-05-31,,5,0.8,,,,,,,,,,,,5.7,2001,18.84,6.6,,23.5,
2001-06-05,,6,0.2,0.02,3.9,,3.534,,,,,,,3.8,6.3,2001,18.51,7.4,,19,
2001-06-06,,6,0.4,0.02,3.9,3.2,,,,,,,,,2.8,2001,18.22,6.9,,19.5,
2001-06-07,,6,0.5,,,,,,,,,,,,6,2001,18.41,7.3,,20.5,
2001-06-08,,6,0.5,,,,,,,,,,,,6,2001,4.49,,,,
2001-06-13,,6,0.2,0.01,5.5,6.2,,,,,,,,,10.5,2001,14.56,7.2,,20,
2001-06-14,,6,0.5,,,,,,,,,,,,5.7,2001,15.06,7.1,,21,
2001-06-15,,6,0.2,,,,,,,,,,,,5.7,2001,14.62,7,,22,
2001-06-18,,6,0.2,0.01,4.9,0.4,,,,,,,,,3.5,2001,13.71,6.7,,22.5,
2001-06-19,,6,0.2,,,,,,,,,,,,6.6,2001,14.78,7,,22.5,
2001-06-20,,6,0.3,,,,,,,,,,,,9.6,2001,15,6.9,,23.5,
2001-06-24,,6,0.1,0.01,4,0.5,,,,,,,,,8,2001,14.54,7.2,,22,
2001-06-25,,6,0.1,,,,,,,,,,,,5,2001,13.22,6.9,,21.5,
2001-06-26,,6,0.2,,,,,,,,,,,,5,2001,14.18,6.9,,21,
2001-07-01,,7,0.2,0.01,5.3,0.5,3.162,,,,,,,3.4,5.2,2001,13.89,7,,21,
2001-07-02,,7,0.1,,,,,,,,,,,,3.9,2001,12.99,6.8,,22,
2001-07-03,,7,0.2,,,,,,,,,,,,5.7,2001,7.46,6.9,,24.5,
2001-07-05,,7,0.1,,,,,,,,,,,,4.8,2001,15.49,6.7,,23.5,
2001-07-09,,7,0.1,0.01,5.8,1.7,,,,,,,,,4.8,2001,13.81,6.7,,22,
2001-07-10,,7,0.1,,,,,,,,,,,,5.7,2001,16.1,7,,22,
2001-07-11,,7,0.1,,,,,,,,,,,,5,2001,15.61,6.8,,21.5,
2001-07-17,,7,0.1,0.01,9.1,1.4,,,,,,,,,5.6,2001,12.24,6.7,,20,
2001-07-18,,7,0.1,,,,,,,,,,,,6.8,2001,12.52,6.8,,20.5,
2001-07-19,,7,0.2,,,,,,,,,,,,5.7,2001,12.6,6.9,,20.5,
2001-07-23,,7,0.1,0.01,5.3,1.2,,,,,,,,,5.6,2001,9.25,6.7,,20,
2001-07-24,,7,0.1,,,,,,,,,,,,6,2001,11.48,7,,21.5,
2001-07-25,,7,0.1,,,,,,,,,,,,7.3,2001,10.21,7.2,,22.5,
2001-08-01,,8,0.1,0.01,5.4,3.2,3.906,,,,,,,4.2,4.6,2001,7.73,6.9,,21,
2001-08-02,,8,0.1,,,,,,,,,,,,5.1,2001,10.26,6.9,,22.5,
2001-08-07,,8,0.1,0.05,4.4,4.2,,,,,,,,,5,2001,9.42,6.9,,22,
2001-08-08,,8,0.1,,,,,,,,,,,,6.2,2001,9.1,7,,23,
2001-08-09,,8,0.2,,,,,,,,,,,,4.3,2001,8.97,7,,22,
2001-08-13,,8,0.8,0.04,4.3,3.3,,,,,,,,,4.1,2001,7.14,7,,20,
2001-08-14,,8,0.7,,,,,,,,,,,,5.4,2001,8.57,7.1,,19.5,
2001-08-15,,8,0.6,,,,,,,,,,,,2.7,2001,5.64,6.8,,22,
2001-08-20,,8,0.8,0.07,5.3,3.9,,,,,,,,,7.2,2001,3.95,7,,20.5,
2001-08-21,,8,0.6,,,,,,,,,,,,5.5,2001,8.37,6.9,,19.5,
2001-08-22,,8,0.8,,,,,,,,,,,,2.4,2001,7.03,6.8,,20,
2001-08-26,,8,0.8,0.06,5.7,4.1,,,,,,,,,6.4,2001,16.39,6.9,,21.5,
2001-08-27,,8,0.7,,,,,,,,,,,,4.6,2001,16.25,7,,21,
2001-08-28,,8,0.8,,,,,,,,,,,,6.5,2001,17.91,7,,21,
2001-09-04,,9,0.2,0.06,8.1,3.1,4.278,,,,,,,4.6,6.5,2001,14.34,6.7,,21,
2001-09-05,,9,0.1,,,,,,,,,,,,8,2001,12.74,7.1,,21,
2001-09-06,,9,0.1,,,,,,,,,,,,8.4,2001,11.94,7,,20,
2001-09-12,,9,0.2,0.05,10.2,3.2,,,,,,,,,9.5,2001,11.69,7.2,,19.5,
2001-09-13,,9,0.1,,,,,,,,,,,,9.1,2001,11.71,7.1,,19.5,
2001-09-14,,9,0.1,,,,,,,,,,,,11.3,2001,12.16,6.8,,21,
2001-09-19,,9,0.7,0.07,11.8,4.7,,,,,,,,,10.2,2001,13.01,7.1,,19.5,
2001-09-20,,9,1.2,,,,,,,,,,,,11,2001,12.46,7.2,,19,
2001-09-21,,9,0.6,,,,,,,,,,,,9.4,2001,12.06,7,,19,
2001-09-23,,9,0.7,0.07,12.9,3.3,,,,,,,,,11.5,2001,11.9,7.1,,19,
2001-09-24,,9,0.6,,,,,,,,,,,,9.9,2001,8.37,7.3,,19.5,
2001-09-25,,9,0.6,,,,,,,,,,,,10.2,2001,11.6,6.8,,19,
2001-10-03,,10,2.7,0.43,18.6,6.2,4.836,,,,,,,5.2,8.8,2001,14.24,7,,19.5,
2001-10-04,,10,3.3,,,,,,,,,,,,9.7,2001,14.14,7,,19,
2001-10-05,,10,4.3,,,,,,,,,,,,9.6,2001,14.64,6.9,,19.5,
2001-10-10,,10,0.6,0.04,15.4,4.6,,,,,,,,,5.5,2001,6.08,,,,
2001-10-11,,10,0.4,,,,,,,,,,,,6.5,2001,9.81,7.1,,20,
2001-10-12,,10,0.7,,,,,,,,,,,,7.5,2001,8.87,6.6,,18,
2001-10-17,,10,5.9,0.4,13.2,4.9,,,,,,,,,9.9,2001,0.6,,,,
2001-10-18,,10,4.4,,,,,,,,,,,,8.1,2001,15.82,7.2,,19,
2001-10-19,,10,5.2,,,,,,,,,,,,5,2001,13.53,7,,19,
2001-10-22,,10,4.6,0.54,14.5,5.3,,,,,,,,,7.6,2001,13.25,7.4,,17.5,
2001-10-23,,10,4.6,,,,,,,,,,,,5.5,2001,12.89,7.1,,17,
2001-10-24,,10,4.8,,,,,,,,,,,,7.1,2001,13.96,7.2,,17.5,
2001-10-26,,10,4.9,,,,,,,,,,,,4.1,2001,10.5,,,,
2001-10-28,,10,5.3,0.55,15.3,3,,,,,,,,,6.5,2001,14.52,,,,
2001-10-29,,10,5.6,,,,,,,,,,,,3.7,2001,13.85,,,,
2001-10-30,,10,5.3,,,,,,,,,,,,9.8,2001,13.93,,,,
2001-11-07,,11,6.9,,,,,,,,,,,,10.9,2001,4.62,,,,
2001-11-08,,11,6.5,0.52,13.7,5.1,,,,,,,,,7.1,2001,15.96,7.5,,14.5,
2001-11-09,,11,5.2,,,,,,,,,,,,5.9,2001,13.34,7.2,,15,
2001-11-10,,11,5.2,,,,,,,,,,,,10,2001,16.68,6.9,,16.5,
2001-11-13,,11,5.6,0.63,14.9,6.7,4.371,,,,,,,4.7,7.5,2001,13.4,7.3,,16,
2001-11-14,,11,6.2,,,,,,,,,,,,6.8,2001,14.76,7.1,,14,
2001-11-15,,11,5.8,,,,,,,,,,,,8.6,2001,14.7,7.1,,15,
2001-11-18,,11,4.9,0.76,8.9,4.2,,,,,,,,,10.9,2001,15.55,7.4,,15.5,
2001-11-19,,11,5.6,,14.9,,,,,,,,,,11.3,2001,14.9,7.3,,15.5,
2001-11-20,,11,5.8,,,,,,,,,,,,9.8,2001,15.61,6.9,,15.5,
2001-11-26,,11,10.9,0.62,8.9,4.3,,,,,,,,,8.6,2001,22.01,7.1,,12.5,
2001-11-27,,11,13,,,,,,,,,,,,9.6,2001,22.71,7.3,,11.5,
2001-11-28,,11,10.7,,,,,,,,,,,,10.8,2001,22.46,7.3,,12,
2001-12-04,,12,9.2,0.61,10,5.2,3.72,,,,,,,4,12.6,2001,21.33,7.4,,11,
2001-12-05,,12,9.3,,,,,,,,,,,,8.6,2001,18.12,7.4,,12.1,
2001-12-06,,12,9,,,,,,,,,,,,8.2,2001,20.3,7.2,,13,
2001-12-09,,12,8.9,0.55,12,4.7,,,,,,,,,10.3,2001,19.99,7.5,,12,
2001-12-10,,12,9.3,,,,,,,,,,,,9,2001,22.83,7.4,,11,
2001-12-11,,12,8.5,,,,,,,,,,,,10.8,2001,21.21,7.1,,11.5,
2001-12-17,,12,8.8,0.58,12.7,4,,,,,,,,,12.9,2001,22.85,7.3,,11,
2001-12-18,,12,7,,,,,,,,,,,,9.2,2001,20.9,7.2,,12.5,
2001-12-19,,12,8,,,,,,,,,,,,5.6,2001,17.2,6.8,,12,
2001-12-26,,12,6.3,0.71,14.8,5,,,,,,,,,13.2,2001,22.76,7.1,,11,
2001-12-27,,12,3,,,,,,,,,,,,12.4,2001,18.6,7.1,,11,
2001-12-28,,12,2,,,,,,,,,,,,9.5,2001,14.61,7.1,,11.5,
2002-01-02,,1,1.2,0.2,20.7,4.6,3.348,,,,,,,3.6,14,2002,15.92,7.2,,13,
2002-01-03,,1,3.1,,,,,,,,,,,,12,2002,15.92,7.1,,13,
2002-01-04,,1,1.8,,,,,,,,,,,,11.3,2002,15.26,7,,12,
2002-01-08,,1,1.5,1,19,3.7,,,,,,,,,11,2002,16.46,7.1,,13,
2002-01-09,,1,1.7,,,,,,,,,,,,12.9,2002,16.2,7.1,,13,
2002-01-10,,1,1.9,,,,,,,,,,,,11.1,2002,16.37,7,,11.5,
2002-01-13,,1,3.1,0.43,18.7,3.8,,,,,,,,,10.6,2002,16.39,7,,11,
2002-01-14,,1,2.7,,,,,,,,,,,,12.4,2002,15.36,7.3,,11.5,
2002-01-15,,1,3.1,,,,,,,,,,,,12.4,2002,15.03,7.1,,10,
2002-01-20,,1,4.9,0.12,,4,,,,,,,,,10.3,2002,14.41,7,,9.5,
2002-01-21,,1,6,,,,,,,,,,,,10.3,2002,13.12,7.1,,10,
2002-01-22,,1,5.9,,16.9,,,,,,,,,,7.7,2002,11.39,7.1,,10.5,
2002-01-23,,1,6,,,,,,,,,,,,11.8,2002,3.62,,,,
2002-01-27,,1,5.4,0.55,18,3.4,,,,,,,,,11.1,2002,13.54,7,,9,
2002-01-28,,1,4.6,,,,,,,,,,,,9.8,2002,13.62,7.4,,9,
2002-01-29,,1,3.7,,,,,,,,,,,,14,2002,13.53,7.2,,7.5,
2002-02-06,,2,0.4,,,,,,,,,,,,17.5,2002,5.75,,,,
2002-02-07,,2,0.5,0,20.2,3.4,2.79,,,,,,,3,20.1,2002,12.33,7.2,,14,
2002-02-08,,2,0.3,,,,,,,,,,,,19.6,2002,12.66,7,,11.5,
2002-02-09,,2,0.2,,,,,,,,,,,,11.2,2002,12.49,7.1,,11,
2002-02-11,,2,0.1,,,,,,,,,,,,12.4,2002,9.03,6.7,,13.5,
2002-02-12,,2,0.1,0.01,27.3,1.7,,,,,,,,,6.7,2002,11.93,6.8,,12,
2002-02-13,,2,0.3,,,,,,,,,,,,7.5,2002,11.87,6.7,,13.5,
2002-02-14,,2,0.2,,,,,,,,,,,,5.5,2002,11.47,7,,12.5,
2002-02-18,,2,0.9,0.21,19.9,4.3,,,,,,,,,9.1,2002,13.73,7,,12,
2002-02-19,,2,0.8,,,,,,,,,,,,7.9,2002,13.96,7.2,,12,
2002-02-20,,2,0.6,,,,,,,,,,,,9.3,2002,13.82,7.3,,13,
2002-02-24,,2,1.9,0.44,16.1,5.7,,,,,,,,,12.4,2002,14.87,7.5,,14.5,
2002-02-25,,2,2.5,,,,,,,,,,,,13.1,2002,16,7.3,,14,
2002-02-26,,2,2.2,,,,,,,,,,,,8.6,2002,16.01,7.2,,15,
2002-03-01,,3,4.7,,,,,,,,,,,,4.7,2002,9.77,,,,
2002-03-06,,3,5.6,0.45,12.3,7.9,3.069,,,,,,,3.3,8.8,2002,14.47,7.1,,15,
2002-03-07,,3,9.9,,,,,,,,,,,,7.4,2002,14.87,7.2,,14,
2002-03-08,,3,7,,,,,,,,,,,,5.6,2002,15.55,7.2,,12,
2002-03-12,,3,7.2,0.48,13.2,0.9,,,,,,,,,7.4,2002,16.23,7.2,,14,
2002-03-13,,3,6.2,,,,,,,,,,,,8.7,2002,12.43,7.1,,13.5,
2002-03-14,,3,6.1,,,,,,,,,,,,11.6,2002,15.56,7,,11,
2002-03-18,,3,4.9,0.33,12.5,1.9,,,,,,,,,7.5,2002,14.49,7.5,,9.5,
2002-03-19,,3,3.7,,,,,,,,,,,,11.2,2002,13.45,7.2,,9,
2002-03-20,,3,3.1,,,,,,,,,,,,12.5,2002,15.46,6.9,,12,
2002-03-24,,3,2,0.46,14.1,2.4,,,,,,,,,10.7,2002,15.01,7.4,,13,
2002-03-25,,3,2.7,,,,,,,,,,,,11.8,2002,14.29,7.3,,14,
2002-03-26,,3,2,,,,,,,,,,,,7.7,2002,14.05,6.8,,14,
2002-04-03,,4,3,0.78,13,4.5,,,,,,,,,9.6,2002,15.59,7.3,,18,
2002-04-04,,4,2.3,,,,,,,,,,,,2.3,2002,14.29,7.3,,18,
2002-04-05,,4,4,,,,,,,,,,,,5.5,2002,13.33,7.1,,15.5,
2002-04-09,,4,1.9,1.08,15.1,3.5,,,,,,,,,9,2002,12.18,6.8,,17,
2002-04-10,,4,1.5,,,,,,,,,,,,11.4,2002,14.35,6.9,,16.5,
2002-04-11,,4,2.6,,,,,,,,,,,,10,2002,14.39,6.8,,19,
2002-04-15,,4,2.3,0.24,19.3,3.1,,,,,,,,,8.6,2002,10.09,7.4,,15,
2002-04-16,,4,0.4,,,,,,,,,,,,8.7,2002,8.27,6.9,,14,
2002-04-17,,4,0.4,,,,,,,,,,,,5.5,2002,7.82,6.7,,15,
2002-04-18,,4,2.5,,,,,,,,,,,,8.4,2002,5.54,6.9,,15,
2002-04-21,,4,0.6,0.33,17.8,4.8,3.162,,,,,,,3.4,10.1,2002,12.82,7,,16,
2002-04-22,,4,0.5,,,,,,,,,,,,8,2002,12.49,7,,17,
2002-04-23,,4,0.5,,,,,,,,,,,,5.7,2002,13.63,7,,17,
2002-05-01,,5,0.6,0.14,16.7,2.8,3.162,,,,,,,3.4,7.1,2002,11.02,6.9,,15,
2002-05-02,,5,0.9,,,,,,,,,,,,5.8,2002,12.53,7.1,,14,
2002-05-03,,5,0.8,,,,,,,,,,,,9.1,2002,11.44,6.9,,15,
2002-05-07,,5,0.8,0.14,15.9,6.1,,,,,,,,,9.1,2002,10.28,7,,17,
2002-05-08,,5,0.7,,,,,,,,,,,,9.8,2002,12.98,6.8,,17,
2002-05-09,,5,0.8,,,,,,,,,,,,6.2,2002,13.05,7,,17,
2002-05-13,,5,1,0.17,15.4,5.4,,,,,,,,,10,2002,12.32,7.3,,18,
2002-05-14,,5,0.4,,,,,,,,,,,,8.9,2002,12.47,7,,17,
2002-05-15,,5,0.4,,,,,,,,,,,,7.7,2002,11.11,6.5,,18,
2002-05-19,,5,0.3,0.01,13.3,1.6,,,,,,,,,10.9,2002,11.81,7.1,,17.5,
2002-05-20,,5,0.2,,,,,,,,,,,,12.3,2002,11.58,7,,16.5,
2002-05-21,,5,0.1,,,,,,,,,,,,10.3,2002,13.91,7,,16.5,
2002-05-27,,5,0.1,0.01,7.9,3.6,,,,,,,,,8.4,2002,14.06,7,,19.5,
2002-05-28,,5,0.1,,,,,,,,,,,,7.3,2002,13.4,6.9,,20,
2002-05-29,,5,0.2,,,,,,,,,,,,7.6,2002,11.16,7.1,,21,
2002-06-03,,6,,,,,3.906,,,,,,,4.2,7.3,2002,8.12,7.1,,19.5,
2002-06-05,,6,0.2,0.01,6.2,3.9,,,,,,,,,6.2,2002,8.53,7,,19.5,
2002-06-06,,6,0.1,,,,,,,,,,,,8,2002,7.66,7,,19.5,
2002-06-07,,6,0.1,,,,,,,,,,,,5.9,2002,9.85,7,,19.5,
2002-06-12,,6,0.1,,,,,,,,,,,,7.2,2002,2.09,,,,
2002-06-13,,6,0.1,0.01,6.4,3.5,,,,,,,,,6.1,2002,8.73,7,,20,
2002-06-14,,6,0.1,,,,,,,,,,,,7.9,2002,7.69,6.9,,19,
2002-06-15,,6,0.1,,,,,,,,,,,,8.3,2002,8.14,7,,21,
2002-06-17,,6,0.2,0.01,7,4.4,,,,,,,,,7.5,2002,8.25,7,,19.5,
2002-06-18,,6,0.1,,,,,,,,,,,,7,2002,8.11,6.9,,19.5,
2002-06-19,,6,0.1,,,,,,,,,,,,6.1,2002,7.09,6.8,,21,
2002-06-23,,6,0.1,0.01,7.1,3.7,,,,,,,,,6.7,2002,9.52,7.1,,19,
2002-06-24,,6,0.1,,,,,,,,,,,,7.9,2002,6.85,6.6,,20.5,
2002-06-25,,6,0.2,,,,,,,,,,,,8.2,2002,9.12,6.9,,20,
2002-07-02,,7,0.1,0.01,5.2,3,4.464,,,,,,,4.8,9.9,2002,13.23,7,,22,
2002-07-03,,7,0.1,,,,,,,,,,,,5.4,2002,13.47,7,,22,
2002-07-04,,7,0.1,,,,,,,,,,,,7,2002,13.42,6.8,,22,
2002-07-09,,7,0.1,0.01,5.3,3.4,,,,,,,,,8.6,2002,13.25,7,,22,
2002-07-10,,7,0.1,,,,,,,,,,,,7.5,2002,13.61,6.9,,23.5,
2002-07-11,,7,0.1,,,,,,,,,,,,9.2,2002,13.87,7,,24,
2002-07-17,,7,0.2,0.01,5.9,3.5,,,,,,,,,10.8,2002,14.48,7,,19.5,
2002-07-18,,7,0.2,,,,,,,,,,,,6.8,2002,12.58,7,,21.5,
2002-07-19,,7,1.1,,,,,,,,,,,,9.9,2002,13.15,6.9,,23,
2002-07-23,,7,0.1,,5.4,4.1,,,,,,,,,11.1,2002,13.9,7.1,,19.5,
2002-07-24,,7,0.3,0.01,,,,,,,,,,,6.3,2002,12.34,7,,19,
2002-07-25,,7,0.3,,,,,,,,,,,,10.8,2002,13.36,7,,19,
2002-07-28,,7,1.9,0.01,5.5,4.9,,,,,,,,,8,2002,14.72,7.2,,22,
2002-07-29,,7,0.5,,,,,,,,,,,,9.5,2002,11.13,6.8,,21.5,
2002-07-30,,7,0.4,,,,,,,,,,,,9.9,2002,14.19,7,,20,
2002-08-04,,8,2.4,0.01,6.8,,4.371,,,,,,,4.7,10.2,2002,12.29,7.1,,21.5,
2002-08-05,,8,0.1,,,,,,,,,,,,8.2,2002,11.34,7.1,,21,
2002-08-06,,8,2.3,,,,,,,,,,,,10.4,2002,6.14,7,,21,
2002-08-11,,8,0.1,,7.6,,,,,,,,,,8,2002,8.57,6.8,,23,
2002-08-12,,8,0.2,0.01,7.7,,,,,,,,,,5.3,2002,8.7,7,,22.5,
2002-08-13,,8,2.5,,,,,,,,,,,,4.6,2002,5.21,6.7,,22,
2002-08-16,,8,0.1,,,,,,,,,,,,11.6,2002,2.38,,,,
2002-08-20,,8,2.6,0.01,7.9,0.5,,,,,,,,,9,2002,6.66,7,,21.5,
2002-08-21,,8,2.5,,,,,,,,,,,,6.2,2002,5.57,6.9,,21.5,
2002-08-22,,8,2.6,,,,,,,,,,,,6.7,2002,6.8,7,,22,
2002-08-28,,8,0.3,,,3.3,,,,,,,,,9.9,2002,6.83,6.9,,22,
2002-08-29,,8,0.1,0.01,6.7,,,,,,,,,,8.1,2002,7,7,,22,
2002-08-30,,8,0.2,,,,,,,,,,,,11.1,2002,8.95,6.9,,21.5,
2002-09-04,,9,0.1,0.01,5.7,3.6,4.278,,,,,,,4.6,10.5,2002,11.43,7,,23.5,
2002-09-05,,9,0.1,,,,,,,,,,,,10.5,2002,13.09,7,,20.5,
2002-09-06,,9,0.3,,,,,,,,,,,,9.2,2002,10.33,7,,20.5,
2002-09-10,,9,0.1,0.01,4.9,3.9,,,,,,,,,9.3,2002,12.22,7,,20.5,
2002-09-11,,9,0.1,,,,,,,,,,,,10,2002,13.24,7.2,,22,
2002-09-12,,9,0.1,,,,,,,,,,,,8.1,2002,11.48,7.1,,20.5,
2002-09-16,,9,0.1,0.01,4.5,3.5,,,,,,,,,10,2002,11.47,6.9,,22,
2002-09-17,,9,0.1,,,,,,,,,,,,11.4,2002,13.39,7.1,,20,
2002-09-18,,9,0.1,,,,,,,,,,,,8.3,2002,13.2,7.1,,21.5,
2002-09-22,,9,0.1,0,5.6,2.9,,,,,,,,,7.9,2002,10.43,6.8,,23.5,
2002-09-23,,9,0.1,,,,,,,,,,,,8.2,2002,13.29,7.1,,22,
2002-09-24,,9,0.1,,,,,,,,,,,,6.7,2002,12.19,7,,22,
2002-09-29,,9,0.1,,,,,,,,,,,,5.9,2002,12.64,7.4,,19,
2002-09-30,,9,,,6.1,,,,,,,,,,5.9,2002,11.4,7.2,,20,
2002-10-02,,10,0.1,0.01,5.5,3.1,3.906,,,,,,,4.2,7,2002,12.45,7.3,,20,
2002-10-03,,10,0.1,,,,,,,,,,,,10.1,2002,12.42,7.1,,20,
2002-10-04,,10,0.1,,,,,,,,,,,,11.6,2002,11.24,7.1,,19.5,
2002-10-08,,10,0.1,0.01,5.7,2.9,,,,,,,,,7,2002,12.36,7.1,,22,
2002-10-09,,10,0.1,,,,,,,,,,,,9.6,2002,11.95,7.1,,21.5,
2002-10-10,,10,0.1,,,,,,,,,,,,9.3,2002,12.33,7,,21.5,
2002-10-12,,10,0.1,,,,,,,,,,,,7.2,2002,6.72,7,,21.5,
2002-10-14,,10,0.1,0.01,6,3.2,,,,,,,,,7.8,2002,12.23,7,,20,
2002-10-15,,10,0.1,,,,,,,,,,,,11.6,2002,12.19,7,,18.5,
2002-10-16,,10,0.1,,,,,,,,,,,,10.6,2002,10.51,7,,17.5,
2002-10-20,,10,0.1,0.01,6.1,2.8,,,,,,,,,6.2,2002,9.65,7.1,,18,
2002-10-21,,10,0.1,,,,,,,,,,,,9.8,2002,11.11,6.8,,19,
2002-10-22,,10,0.1,,,,,,,,,,,,11.7,2002,11.47,7.1,,17.5,
2002-10-28,,10,0.1,0.01,5.4,2.8,,,,,,,,,8.7,2002,10.62,7.4,,16,
2002-10-29,,10,0.1,,,,,,,,,,,,11.8,2002,9.42,7,,16,
2002-10-30,,10,0.1,,,,,,,,,,,,12.1,2002,11.83,6.9,,16.5,
2002-11-06,,11,0.1,,,3.4,3.348,,,,,,,3.6,13,2002,11.89,7.1,,14.5,
2002-11-07,,11,0.4,0.01,7.3,,,,,,,,,,13.6,2002,11.57,7.3,,16,
2002-11-08,,11,0.5,,,,,,,,,,,,15.2,2002,13.29,7.3,,17,
2002-11-12,,11,0.1,0.01,5.7,3.7,,,,,,,,,12.1,2002,13.65,7.1,,16.5,
2002-11-13,,11,0.1,,,,,,,,,,,,11.6,2002,16.13,7.1,,17,
2002-11-14,,11,0.1,,,,,,,,,,,,13,2002,13.62,7.1,,17,
2002-11-18,,11,0.1,,,,,,,,,,,,10.4,2002,15.16,7.2,,14.5,
2002-11-19,,11,0.1,0.01,6.5,3.5,,,,,,,,,10.5,2002,14.5,7.1,,15,
2002-11-20,,11,0.1,,,,,,,,,,,,13.6,2002,15.75,7.1,,14,
2002-11-24,,11,0.9,0.04,8.2,4,,,,,,,,,11.6,2002,15.67,7.1,,15.5,
2002-11-25,,11,0.9,,,,,,,,,,,,6.7,2002,13.49,7.5,,14,
2002-11-26,,11,2.1,,,,,,,,,,,,11.7,2002,13.43,7.3,,13,
2002-12-01,,12,1.8,0.15,9.6,3.5,3.441,,,,,,,3.7,11.3,2002,14.27,7.5,,13,
2002-12-02,,12,1.4,,,,,,,,,,,,12,2002,15.35,7.4,,13,
2002-12-03,,12,1.2,,,,,,,,,,,,8.2,2002,12.2,7.2,,17.5,
2002-12-09,,12,2.7,0.16,11.7,3.2,,,,,,,,,8.5,2002,11.8,7,,13,
2002-12-10,,12,2.9,,,,,,,,,,,,10,2002,14.22,7.3,,13.5,
2002-12-11,,12,2.2,,,,,,,,,,,,10.1,2002,14.31,7.3,,13.5,
2002-12-17,,12,5.8,2.79,12.7,2.9,,,,,,,,,10.8,2002,17.8,7.2,,18,
2002-12-18,,12,3.1,,,,,,,,,,,,10.7,2002,13.92,7.1,,13.5,
2002-12-19,,12,4.3,,,,,,,,,,,,9.6,2002,12.51,7.2,,12.8,
2002-12-25,,12,1.9,0.16,17.1,2.6,,,,,,,,,9,2002,11.5,6.6,,10.5,
2002-12-26,,12,5.1,,,,,,,,,,,,8.7,2002,13.28,7.2,,11.5,
2002-12-27,,12,6.8,,,,,,,,,,,,8.1,2002,18.56,7,,13,
2003-01-01,,1,7,0.29,12.1,3.6,3.255,,,,,,,3.5,8.3,2003,22.99,7.1,,10.5,
2003-01-02,,1,7.2,,,,,,,,,,,,9.5,2003,22.56,7.2,,11.5,
2003-01-03,,1,6.4,,,,,,,,,,,,8.6,2003,23.09,7.2,,11,
2003-01-07,,1,2.8,0.11,17.5,3,,,,,,,,,6.7,2003,20.07,7.3,,12.5,
2003-01-08,,1,1.9,,,,,,,,,,,,5.1,2003,10.87,6.9,,12.5,
2003-01-09,,1,4.5,,,,,,,,,,,,9.5,2003,22.12,7.2,,12.5,
2003-01-13,,1,3.6,0.24,16.2,3.7,,,,,,,,,8.7,2003,22.18,7.3,,14,
2003-01-14,,1,4,,,,,,,,,,,,7.8,2003,21.95,7,,15,
2003-01-15,,1,3.1,,,,,,,,,,,,7,2003,18.12,7.3,,14.5,
2003-01-20,,1,1.4,0.1,18.9,3.3,,,,,,,,,10.6,2003,14.97,7.1,,13,
2003-01-21,,1,1.6,,,,,,,,,,,,10.3,2003,15.2,7.3,,13,
2003-01-22,,1,1.3,,,,,,,,,,,,10.9,2003,15.04,7.2,,14.5,
2003-01-26,,1,0.8,0.04,18.7,3.2,,,,,,,,,10.1,2003,15.15,7.2,,15.5,
2003-01-27,,1,0.7,,,,,,,,,,,,7.2,2003,14.24,7.2,,15.5,
2003-01-28,,1,1.1,,,,,,,,,,,,9.8,2003,13.07,7.3,,15,
2003-02-03,,2,3.3,0.22,15.5,3.2,2.883,,,,,,,3.1,4.3,2003,13.12,7.1,,12.5,
2003-02-04,,2,3.6,,,,,,,,,,,,10.9,2003,14.86,7.2,,13,
2003-02-05,,2,4.5,,,,,,,,,,,,11,2003,15.66,7.4,,13,
2003-02-11,,2,0.5,0.03,20.2,2.6,,,,,,,,,10.6,2003,7.74,7.2,,11.5,
2003-02-12,,2,0.5,,,,,,,,,,,,9.9,2003,6.72,7.2,,11.5,
2003-02-13,,2,0.4,,,,,,,,,,,,10,2003,7.52,7.2,,12.5,
2003-02-19,,2,6.6,0.27,15.3,3.9,,,,,,,,,6.9,2003,7.28,7.3,,13,
2003-02-20,,2,8.6,,,,,,,,,,,,8.5,2003,13.08,6.7,,12,
2003-02-21,,2,7.6,,,,,,,,,,,,10.6,2003,20.47,7.4,,12.5,
2003-02-25,,2,6.6,0.45,14.1,2.6,,,,,,,,,9.1,2003,16.44,7.2,,13.5,
2003-02-26,,2,7.8,,,,,,,,,,,,9.4,2003,20.54,7.3,,14,
2003-02-27,,2,7.4,,,,,,,,,,,,10.2,2003,20.08,7.2,,13,
2003-03-02,,3,5.9,0.38,14.1,3.9,3.162,,,,,,,3.4,9.8,2003,19.64,7.4,,14,
2003-03-03,,3,6.6,,,,,,,,,,,,9.6,2003,15.41,6.7,,13,
2003-03-04,,3,6.1,,,,,,,,,,,,11.3,2003,19.11,7.3,,13,
2003-03-10,,3,3.4,0.47,16.1,3.4,,,,,,,,,10.5,2003,12.91,7.1,,14.5,
2003-03-11,,3,2.8,,,,,,,,,,,,9.7,2003,10.07,6.7,,16,
2003-03-12,,3,2.6,,,,,,,,,,,,10.8,2003,12.78,6.8,,17,
2003-03-18,,3,4.9,0.66,14.7,3.2,,,,,,,,,9.5,2003,17.54,7.1,,13.5,
2003-03-19,,3,3.7,,,,,,,,,,,,10.7,2003,19.8,7.3,,14.5,
2003-03-20,,3,3.3,,,,,,,,,,,,10.5,2003,20.97,7.1,,15,
2003-03-26,,3,1.7,0.32,17.7,3.7,,,,,,,,,7.9,2003,17.54,7.2,,17,
2003-03-27,,3,0.7,,,,,,,,,,,,5.3,2003,12.57,6.4,,15.5,
2003-03-28,,3,0.6,,,,,,,,,,,,9.8,2003,14.63,7,,15.5,
2003-04-02,,4,0.5,0.04,19.3,4.2,3.162,,,,,,,3.4,9.4,2003,12.73,7.2,,15.5,
2003-04-03,,4,0.4,,,,,,,,,,,,10.8,2003,12.5,7.2,,14.5,
2003-04-04,,4,0.3,,,,,,,,,,,,7.2,2003,12.14,7.2,,15,
2003-04-08,,4,0.2,0.01,17.7,3.8,,,,,,,,,10.5,2003,12.82,7.2,,15.5,
2003-04-09,,4,0.1,,,,,,,,,,,,8.3,2003,6.93,6.8,,16,
2003-04-10,,4,0.1,,,,,,,,,,,,9,2003,12.44,7,,17,
2003-04-14,,4,0.5,0.01,16.4,3.2,,,,,,,,,14.3,2003,12.75,7.1,,15,
2003-04-15,,4,0.3,,,,,,,,,,,,9.7,2003,12.5,7.1,,13,
2003-04-16,,4,0.3,,,,,,,,,,,,8.1,2003,6.68,6.7,,14,
2003-04-21,,4,0.3,0.01,14.9,3.3,,,,,,,,,10.9,2003,12,7,,15.5,
2003-04-22,,4,0.3,,,,,,,,,,,,12.7,2003,12.17,7.3,,15.5,
2003-04-23,,4,0.3,,,,,,,,,,,,11.6,2003,12.61,7,,15.5,
2003-04-27,,4,0.4,0.01,15.9,3.3,,,,,,,,,11.1,2003,12.63,7.1,,15.5,
2003-04-28,,4,0.4,,,,,,,,,,,,10.4,2003,12.98,7.1,,16,
2003-04-29,,4,0.4,,,,,,,,,,,,10.6,2003,12.64,7,,16,
2003-05-04,,5,0.9,0.1,14.3,3.2,2.976,,,,,,,3.2,11.9,2003,13.99,7.3,,16,
2003-05-05,,5,0.5,,,,,,,,,,,,9.1,2003,8.86,7.1,,16.5,
2003-05-06,,5,0.6,,,,,,,,,,,,12.9,2003,15.07,7.1,,15,
2003-05-12,,5,0.1,0.01,11.5,2.6,,,,,,,,,10.1,2003,10.95,7.2,,17,
2003-05-13,,5,0.1,,,,,,,,,,,,8.1,2003,12.39,7.3,,17,
2003-05-14,,5,0.1,,,,,,,,,,,,10.7,2003,10.7,7.4,,18.5,
2003-05-20,,5,0.1,0.01,8,2.4,,,,,,,,,6.8,2003,8.99,7.1,,21.5,
2003-05-21,,5,0.1,,,,,,,,,,,,8.8,2003,16.56,7.2,,19.5,
2003-05-22,,5,0.1,,,,,,,,,,,,9.7,2003,8.52,7,,21.5,
2003-05-28,,5,0.1,0.01,6,3.3,,,,,,,,,7.8,2003,12.35,7,,23,
2003-05-29,,5,0.1,,,,,,,,,,,,4.8,2003,8.91,7.1,,22,
2003-05-30,,5,0.1,,,,,,,,,,,,7.6,2003,13.33,7,,20,
2003-06-04,,6,0.1,0.01,6,3.3,3.906,,,,,,,4.2,8.1,2003,10.38,7,,22,
2003-06-05,,6,0.1,,,,,,,,,,,,7.2,2003,10.78,7.3,,20.5,
2003-06-06,,6,0.1,,,,,,,,,,,,7.2,2003,11.85,6.9,,21,
2003-06-10,,6,0.1,0.01,7.2,2.9,,,,,,,,,4.9,2003,7.74,7.1,,19,
2003-06-11,,6,0.1,,,,,,,,,,,,10.4,2003,10.9,7,,20.5,
2003-06-12,,6,0.1,,,,,,,,,,,,10.1,2003,10.71,6.7,,20,
2003-06-16,,6,0.1,0.01,7.4,3.8,,,,,,,,,6,2003,5.67,7.2,,20,
2003-06-17,,6,0.1,,,,,,,,,,,,8,2003,5.15,7,,19.5,
2003-06-18,,6,0.1,,,,,,,,,,,,6.6,2003,6.01,6.8,,20.5,
2003-06-22,,6,0.1,0.01,6.4,3.9,,,,,,,,,7.9,2003,6.08,7.2,,19.5,
2003-06-23,,6,0.1,,,,,,,,,,,,6.3,2003,5.87,7,,20,
2003-06-24,,6,0.2,,,,,,,,,,,,8.6,2003,5.03,7.1,,19,
2003-06-26,,6,0.1,,,,,,,,,,,,3.1,2003,3.16,,,,
2003-07-01,,7,0.1,0.01,6.4,3.4,3.72,,,,,,,4,13.7,2003,9.08,7.2,,23,
2003-07-02,,7,0.1,,,,,,,,,,,,8.4,2003,10.01,7.1,,23,
2003-07-03,,7,0.1,,,,,,,,,,,,7.7,2003,8.51,7,,20.5,
2003-07-08,,7,0.1,0.01,7.3,3.4,,,,,,,,,7.3,2003,8.07,7.1,,20.5,
2003-07-09,,7,0.1,,,,,,,,,,,,9.8,2003,10.29,6.9,,19.5,
2003-07-10,,7,0.1,,,,,,,,,,,,10,2003,9.19,6.9,,20.5,
2003-07-14,,7,0.1,0.01,6.7,3.1,,,,,,,,,8.3,2003,9.58,7,,22,
2003-07-15,,7,0.1,,,,,,,,,,,,8,2003,9.74,7,,23.5,
2003-07-16,,7,0.1,,,,,,,,,,,,7.3,2003,9.71,6.7,,22.5,
2003-07-20,,7,0.1,0.01,7.2,3.5,,,,,,,,,8.5,2003,10.7,7.2,,23,
2003-07-21,,7,0.1,,,,,,,,,,,,7.5,2003,11.2,7.2,,24,
2003-07-22,,7,0.1,,,,,,,,,,,,6.9,2003,9.66,6.9,,25,
2003-07-28,,7,0.1,0.01,7.7,2.2,,,,,,,,,8.1,2003,11.49,7,,23,
2003-07-29,,7,0.1,,,,,,,,,,,,7.9,2003,12.26,7.1,,19,
2003-07-30,,7,0.1,,,,,,,,,,,,6,2003,7.86,6.9,,22,
2003-08-06,,8,0.4,0.01,8.8,2.3,4.371,,,,,,,4.7,8.5,2003,10.11,7,,22.5,
2003-08-07,,8,0.1,,,,,,,,,,,,8.9,2003,11.79,6.9,,21.5,
2003-08-08,,8,0.1,,,,,,,,,,,,8.6,2003,9.31,6.9,,21.5,
2003-08-12,,8,0.1,0.01,8.4,2.2,,,,,,,,,7.4,2003,9.47,6.9,,21.5,
2003-08-13,,8,0.1,,,,,,,,,,,,8.7,2003,9.11,7,,21.5,
2003-08-14,,8,0.1,,,,,,,,,,,,8.8,2003,11.7,6.9,,21,
2003-08-18,,8,0.1,0.01,7.7,2,,,,,,,,,8.8,2003,10.46,7,,22,
2003-08-19,,8,0.1,,,,,,,,,,,,9,2003,9.42,6.9,,21,
2003-08-20,,8,0.1,,,,,,,,,,,,6.4,2003,9,6.8,,20,
2003-08-24,,8,0.1,0.01,7.4,3.4,,,,,,,,,10.5,2003,11.12,6.9,,22,
2003-08-25,,8,0.1,,,,,,,,,,,,9.5,2003,11.8,6.8,,23.5,
2003-08-26,,8,0.1,,,,,,,,,,,,9.7,2003,11.11,6.9,,22.5,
2003-09-03,,9,0.1,0.01,8.2,2.9,4.557,,,,,,,4.9,10.9,2003,8.47,7,,21,
2003-09-04,,9,0.1,,,,,,,,,,,,9.2,2003,9.67,7,,21.5,
2003-09-05,,9,0.1,,,,,,,,,,,,8.6,2003,11.47,7.1,,21.5,
2003-09-09,,9,0.2,0.01,8.9,3.1,,,,,,,,,11.4,2003,9.63,7.1,,20,
2003-09-10,,9,0.1,,,,,,,,,,,,8.1,2003,11.91,7.1,,20.5,
2003-09-11,,9,0.1,,,,,,,,,,,,8.1,2003,7.08,6.7,,20.5,
2003-09-15,,9,0.1,0.07,10.1,3.5,,,,,,,,,8.9,2003,7.85,6.8,,22,
2003-09-16,,9,0.1,,,,,,,,,,,,8.7,2003,9.53,7.1,,21,
2003-09-17,,9,0.1,,,,,,,,,,,,9.6,2003,7.71,7,,19.5,
2003-09-21,,9,0.1,0.01,10.2,3.7,,,,,,,,,7.5,2003,9.38,7,,22,
2003-09-22,,9,0.1,,,,,,,,,,,,9,2003,8.67,6.8,,24,
2003-09-23,,9,0.1,,,,,,,,,,,,5.7,2003,6.46,6.8,,24,
2003-09-26,,9,0.1,,,,,,,,,,,,6.4,2003,7.35,7,,20,
2003-10-01,,10,0.1,0.01,10.4,2.5,4.371,,,,,,,4.7,7.5,2003,10.01,7,,19.5,
2003-10-02,,10,0.1,,,,,,,,,,,,8.5,2003,8.39,6.8,,20,
2003-10-03,,10,0.1,,,,,,,,,,,,7,2003,10.35,7.1,,20.1,
2003-10-07,,10,0.1,0.01,8.9,3.2,,,,,,,,,7.5,2003,11.14,7.1,,19.5,
2003-10-08,,10,0.1,,,,,,,,,,,,8.8,2003,9.8,6.8,,18.5,
2003-10-09,,10,0.1,,,,,,,,,,,,6.8,2003,11.09,7.2,,19,
2003-10-13,,10,0.1,0.01,7,1.6,,,,,,,,,9.9,2003,12.08,7.1,,18,
2003-10-14,,10,0.1,,,,,,,,,,,,8.9,2003,8.7,6.8,,18.5,
2003-10-15,,10,0.1,,,,,,,,,,,,9.1,2003,11.21,7.4,,18.5,
2003-10-19,,10,0.1,0.01,5.8,2.7,,,,,,,,,9.2,2003,12.49,7.2,,18,
2003-10-20,,10,0.1,,,,,,,,,,,,10.3,2003,9.5,6.9,,19,
2003-10-21,,10,0.1,,,,,,,,,,,,6.9,2003,10.09,7.1,,19.5,
2003-10-27,,10,0.1,0.01,7.1,3.1,,,,,,,,,9.1,2003,10.37,6.8,,19,
2003-10-28,,10,0.1,,,,,,,,,,,,3.3,2003,9.25,7,,18.5,
2003-10-29,,10,0.1,,,,,,,,,,,,6.5,2003,6.07,6.7,,19,
2003-11-04,,11,0.4,0.01,7.7,3.1,3.627,,,,,,,3.9,10.3,2003,13.92,7.2,,14.5,
2003-11-05,,11,0.5,,,,,,,,,,,,11.2,2003,10.04,6.9,,14.5,
2003-11-06,,11,0.4,,,,,,,,,,,,12.7,2003,12.8,7.2,,14.5,
2003-11-12,,11,0.2,0.01,10.1,3.7,,,,,,,,,10.2,2003,15.3,7.2,,15.5,
2003-11-13,,11,0.2,,,,,,,,,,,,11.2,2003,11.69,7,,15.5,
2003-11-14,,11,0.3,,,,,,,,,,,,9.6,2003,15.72,7.1,,15,
2003-11-17,,11,0.3,0.01,8.9,1,,,,,,,,,9.8,2003,13.81,7.4,,15.5,
2003-11-18,,11,0.3,,,,,,,,,,,,8.4,2003,11.14,6.7,,15,
2003-11-21,,11,0.7,,,,,,,,,,,,6,2003,2.55,,,,
2003-11-23,,11,1.2,0.04,10.4,2.2,,,,,,,,,15.2,2003,15.51,7.4,,11,
2003-11-24,,11,1.2,,,,,,,,,,,,16,2003,14.55,7.2,,11.5,
2003-11-25,,11,2.8,,,,,,,,,,,,14.2,2003,17.31,7.3,,12,
2003-12-03,,12,1.1,0.11,11.2,3.5,3.069,,,,,,,3.3,14.7,2003,20.13,7.2,,15.5,
2003-12-04,,12,1.5,,,,,,,,,,,,14.5,2003,20.67,7.1,,13.5,
2003-12-05,,12,1.4,,,,,,,,,,,,13.3,2003,19.82,7.3,,13.5,
2003-12-09,,12,3,0.13,8.9,0.9,,,,,,,,,7.7,2003,12.41,7,,12.5,
2003-12-10,,12,2.7,,,,,,,,,,,,13.4,2003,16.64,7.2,,12,
2003-12-11,,12,2.9,,,,,,,,,,,,14.4,2003,18.34,7.2,,12.5,
2003-12-15,,12,1.6,0.23,12.7,2.8,,,,,,,,,11.8,2003,18.48,7.1,,13.5,
2003-12-16,,12,1.9,,,,,,,,,,,,12.1,2003,10.89,6.8,,11,
2003-12-17,,12,2.9,,,,,,,,,,,,13.1,2003,17.37,7.1,,10,
2003-12-21,,12,1.9,0.38,10.1,2.1,,,,,,,,,12.5,2003,16.72,7.1,,13.5,
2003-12-22,,12,1.6,,,,,,,,,,,,11.6,2003,16.29,7.1,,13,
2003-12-25,,12,3.9,,,,,,,,,,,,10.9,2003,0.35,,,,
2003-12-29,,12,3.5,0.37,10.9,1.9,,,,,,,,,10.5,2003,16.36,7.4,,10.5,
2003-12-30,,12,3.3,,,,,,,,,,,,11.4,2003,14.78,7.2,,10.5,
2003-12-31,,12,2.7,,,,,,,,,,,,11,2003,18.33,7.2,,10,
2004-01-07,,1,2.2,0.52,16.2,2.3,2.883,,,,,,,3.1,9.8,2004,18.32,7.2,,10,
2004-01-08,,1,1.9,,,,,,,,,,,,10.3,2004,17.36,7.1,,12,
2004-01-09,,1,1.8,,,,,,,,,,,,11.1,2004,18.11,7.3,,12.5,
2004-01-13,,1,1.7,0.34,17.5,2.7,,,,,,,,,8,2004,18.09,7.3,,12,
2004-01-14,,1,2.3,,,,,,,,,,,,8.2,2004,17.1,7.7,,12,
2004-01-15,,1,3.4,,,,,,,,,,,,6.6,2004,16.43,7.2,,13,
2004-01-19,,1,3.4,0.42,16.6,3.1,,,,,,,,,7,2004,17.53,7.1,,12,
2004-01-20,,1,3.8,,,,,,,,,,,,9.1,2004,16.46,7.2,,13,
2004-01-21,,1,5,,,,,,,,,,,,7.5,2004,17.54,7.1,,12,
2004-01-25,,1,3.2,0.43,16.4,3.5,,,,,,,,,7.7,2004,9.12,7.8,,12,
2004-01-26,,1,3.7,,,,,,,,,,,,7.7,2004,9.31,7.3,,11.5,
2004-01-27,,1,3.7,,,,,,,,,,,,7.7,2004,9.31,7.1,,12,
2004-02-03,,2,1.5,0.23,20.3,3.3,3.627,,,,,,,3.9,7.7,2004,17.29,7,,12.7,
2004-02-04,,2,1.8,,,,,,,,,,,,11.2,2004,16.83,7.4,,15,
2004-02-05,,2,1.5,,,,,,,,,,,,12,2004,17.55,7.4,,12,
2004-02-10,,2,1.7,0.19,16.6,3.2,,,,,,,,,11.6,2004,13.87,7.3,,14,
2004-02-11,,2,1.3,,,,,,,,,,,,12.4,2004,16.81,7.1,,13.5,
2004-02-12,,2,1.2,,,,,,,,,,,,13,2004,15.5,7,,13.5,
2004-02-18,,2,1.8,0.24,16.8,3.1,,,,,,,,,17.7,2004,13.04,7.1,,14,
2004-02-19,,2,1.3,,,,,,,,,,,,18.6,2004,17.31,7.1,,13.5,
2004-02-20,,2,2.3,,,,,,,,,,,,15.3,2004,9.6,7.2,,13.5,
2004-02-24,,2,1.1,0.12,16.7,3.6,,,,,,,,,18,2004,13.85,7.3,,13.5,
2004-02-25,,2,2.6,,,,,,,,,,,,11.8,2004,12.08,7.1,,14.3,
2004-02-26,,2,1.6,,,,,,,,,,,,10,2004,12.69,7.2,,13.5,
2004-03-03,,3,2.9,0.28,14.2,3.9,3.627,,,,,,,3.9,19.6,2004,15.69,7.3,,14,
2004-03-04,,3,3.2,,,,,,,,,,,,17.1,2004,16.35,7.3,,13.5,
2004-03-05,,3,1.4,,,,,,,,,,,,14.1,2004,17.35,7.4,,13.5,
2004-03-09,,3,2.6,0.23,10.5,4.2,,,,,,,,,9.7,2004,11.24,6.8,,17.5,
2004-03-10,,3,2.3,,,,,,,,,,,,9.2,2004,17.57,7.3,,19,
2004-03-11,,3,2.7,,,,,,,,,,,,11,2004,15.31,7.2,,19.5,
2004-03-15,,3,2,0.28,,4.7,,,,,,,,,10.4,2004,17.04,6.7,,21,
2004-03-16,,3,1,,10.5,,,,,,,,,,6.2,2004,9.28,7.2,,20.5,
2004-03-17,,3,0.5,,,,,,,,,,,,7.6,2004,14.08,7.1,,21,
2004-03-21,,3,0.3,0.16,8.4,6.1,,,,,,,,,12.6,2004,15.05,7.3,,20,
2004-03-22,,3,0.2,,,,,,,,,,,,10,2004,16.39,7.2,,19.5,
2004-03-23,,3,0.1,,,,,,,,,,,,13.6,2004,10.96,7,,19.5,
2004-03-29,,3,0.3,0.01,6.8,6.2,,,,,,,,,11.9,2004,11.01,7.2,,20,
2004-03-30,,3,0.1,,,,,,,,,,,,10.3,2004,16.71,7.3,,17.5,
2004-03-31,,3,0.1,,,,,,,,,,,,10.5,2004,10.84,7,,16.5,
2004-04-07,,4,0.2,0.01,6.9,6.3,3.72,,,,,,,4,12.5,2004,12.92,7.3,,16.5,
2004-04-08,,4,0.2,,,,,,,,,,,,2.6,2004,10.68,7.4,,17,
2004-04-09,,4,0.2,,,,,,,,,,,,8,2004,7.12,6.8,,17.5,
2004-04-13,,4,0.1,0.01,5.8,5.8,,,,,,,,,12,2004,9.12,6.7,,17.5,
2004-04-14,,4,0.3,,,,,,,,,,,,12.1,2004,11.88,7.3,,17.5,
2004-04-15,,4,0.4,,,,,,,,,,,,12.1,2004,7.74,6.8,,17.5,
2004-04-19,,4,0.2,0.01,6,5.8,,,,,,,,,12.3,2004,5.89,7.1,,15,
2004-04-20,,4,0.2,,,,,,,,,,,,13.4,2004,6.98,7.3,,17.5,
2004-04-21,,4,0.3,,,,,,,,,,,,10.7,2004,7.16,7.2,,18,
2004-04-25,,4,0.6,0.02,6,5.8,,,,,,,,,11.6,2004,7.91,7.3,,22.5,
2004-04-26,,4,0.4,,,,,,,,,,,,11.9,2004,6.98,7.2,,22,
2004-04-27,,4,0.3,,,,,,,,,,,,11.5,2004,7.57,7.2,,24.5,
2004-05-05,,5,0.2,0.02,4.3,6.3,3.627,,,,,,,3.9,9.9,2004,8.21,6.7,,21.5,
2004-05-06,,5,0.2,,,,,,,,,,,,8.1,2004,8.36,6.7,,21.5,
2004-05-07,,5,0.3,,,,,,,,,,,,10.3,2004,13.66,7.1,,21.5,
2004-05-11,,5,0.2,0.02,5.5,5.8,,,,,,,,,7.8,2004,11.54,7.1,,18.5,
2004-05-12,,5,0.2,,,,,,,,,,,,11.7,2004,12.68,7.1,,19.5,
2004-05-13,,5,0.4,,,,,,,,,,,,7,2004,9.63,,,,
2004-05-17,,5,0.2,0.02,5.6,6.7,,,,,,,,,10.6,2004,14.95,7.1,,19.5,
2004-05-18,,5,0.2,,,,,,,,,,,,10.9,2004,10.13,6.9,,20.5,
2004-05-19,,5,0.3,,,,,,,,,,,,8.8,2004,11.62,7.2,,20,
2004-05-23,,5,0.3,0.06,7.4,6.5,,,,,,,,,9.6,2004,14.53,7.4,,19,
2004-05-24,,5,0.3,,7.4,,,,,,,,,,8,2004,4.66,6.8,,19,
2004-05-25,,5,0.2,,,,,,,,,,,,7.1,2004,7.84,7.1,,19.5,
2004-06-02,,6,0.2,0.01,4.7,4.6,4.092,,,,,,,4.4,10.5,2004,13.36,7.2,,22,
2004-06-03,,6,0.2,,,,,,,,,,,,6.4,2004,12.07,7,,22.5,
2004-06-04,,6,0.2,,,,,,,,,,,,8.4,2004,11.56,7.1,,22.5,
2004-06-08,,6,0.3,0.01,6,4.4,,,,,,,,,9,2004,12.59,7.3,,19,
2004-06-09,,6,0.2,,,,,,,,,,,,10.2,2004,13.72,7.2,,19,
2004-06-10,,6,0.2,,,,,,,,,,,,10.1,2004,11.31,6.9,,20,
2004-06-14,,6,0.1,0.01,5.3,5.5,,,,,,,,,9.8,2004,7.43,7.1,,22,
2004-06-15,,6,0.2,,,,,,,,,,,,2,2004,8.12,6.7,,22.5,
2004-06-16,,6,0.1,,,,,,,,,,,,8.6,2004,8.36,6.8,,24.5,
2004-06-20,,6,0.2,0.01,5.9,5.9,,,,,,,,,9.4,2004,10.06,7.3,,21.5,
2004-06-21,,6,0.2,,,,,,,,,,,,9.4,2004,10.52,7.4,,20,
2004-06-22,,6,0.2,,,,,,,,,,,,7.8,2004,9.13,7.2,,19.5,
2004-06-28,,6,0.3,0.01,6.1,5.9,,,,,,,,,9.9,2004,7.59,6.9,,22.5,
2004-06-29,,6,0.8,,,,,,,,,,,,6.2,2004,8.01,6.5,,23,
2004-06-30,,6,0.2,,,,,,,,,,,,8.5,2004,8.02,7.3,,23,
2004-07-07,,7,0.1,0.01,5.4,,3.627,,,,,5.8,,3.9,9,2004,8.73,7.2,,21,
2004-07-08,,7,0.1,,,,,,,,,,,,9,2004,7.15,6.6,,24.5,
2004-07-09,,7,0.1,,,,,,,,,,,,12,2004,5.79,7,,23,
2004-07-13,,7,0.1,0.01,5.6,,,,,,,5.6,,,5.1,2004,7.41,7.2,,23,
2004-07-14,,7,0.1,,,,,,,,,,,,8.3,2004,7.33,7.1,,23.5,
2004-07-15,,7,0.1,,,,,,,,,,,,7.6,2004,7.9,6.7,,22,
2004-07-19,,7,0.1,0.01,5.2,,,,,,,5.3,,,9.1,2004,8.65,7.2,,24,
2004-07-20,,7,0.1,,,,,,,,,,,,10.1,2004,7.58,7.1,,24.5,
2004-07-21,,7,0.1,,,,,,,,,,,,8.5,2004,9.38,7.2,,23,
2004-07-25,,7,0.1,0.01,6.3,,,,,,,5.1,,,7.1,2004,7.68,7.2,,24.5,
2004-07-26,,7,0.3,,,,,,,,,,,,9.7,2004,7.87,6.9,,24,
2004-07-27,,7,0.1,,,,,,,,,,,,9.3,2004,9.85,7.2,,24,
2004-08-04,,8,0.1,0.01,6.3,,4.278,,,,,5.9,,4.6,13.5,2004,9.71,7.2,,21.5,
2004-08-05,,8,0.1,,,,,,,,,,,,6.4,2004,7.96,6.8,,22.5,
2004-08-06,,8,0.1,,,,,,,,,,,,8.2,2004,8.46,7.2,,22,
2004-08-10,,8,0.1,0.01,6.3,,,,,,,6.1,,,11,2004,6.53,7.1,,24,
2004-08-11,,8,0.1,,,,,,,,,,,,7.9,2004,9.18,7.2,,23.5,
2004-08-12,,8,0.1,,,,,,,,,,,,13.3,2004,8.69,7,,24,
2004-08-16,,8,0.1,0.01,6.6,,,,,,,5.1,,,12.9,2004,11,7.2,,23.5,
2004-08-17,,8,0.1,,,,,,,,,,,,13.2,2004,6.42,6.8,,23.5,
2004-08-18,,8,0.1,,,,,,,,,,,,8.8,2004,9.19,7.1,,22.5,
2004-08-22,,8,1.1,0,7.5,,,,,,,5.2,,,12.2,2004,7.31,7,,21.5,
2004-08-23,,8,0.1,,,,,,,,,,,,11.7,2004,8.9,7.2,,23.5,
2004-08-24,,8,1.1,,,,,,,,,,,,15.2,2004,6.35,7.2,,24.5,
2004-09-01,,9,0.2,0.01,7.3,,,,,,,4.9,,,8,2004,8.14,7,,23.5,
2004-09-02,,9,0.1,,,,,,,,,,,,5.5,2004,11.05,7.2,,22.5,
2004-09-03,,9,0.1,,,,,,,,,,,,9.4,2004,11.19,7.2,,22.5,
2004-09-07,,9,0.1,0.01,8.4,,,,,,,5.3,,,4.6,2004,11.85,7.2,,27.5,
2004-09-08,,9,0.1,,,,,,,,,,,,8.9,2004,11.77,8.1,,27,
2004-09-09,,9,0.1,,,,,,,,,,,,4.1,2004,11.94,7.2,,24.5,
2004-09-13,,9,0.4,0.01,10.4,,,,,,,5.3,,,7.9,2004,10.48,7.1,,22.5,
2004-09-14,,9,0.2,,,,,,,,,,,,8.5,2004,11.76,7.2,,22,
2004-09-15,,9,0.1,,,,,,,,,,,,5.7,2004,6.59,7,,22.5,
2004-09-19,,9,0.6,0.07,10.9,,5.022,,,,,5.1,,5.4,8.6,2004,4.97,7.2,,20,
2004-09-20,,9,0.4,,,,,,,,,,,,8.6,2004,8.74,7.3,,19.5,
2004-09-21,,9,0.3,,,,,,,,,,,,7.3,2004,8.5,7.3,,22.5,
2004-09-27,,9,0.2,0.01,15.4,,,,,,,5.2,,,7.2,2004,9.52,7.1,,20.5,
2004-09-28,,9,0.2,,,,,,,,,,,,8.5,2004,7.37,7.2,,21,
2004-09-29,,9,0.2,,,,,,,,,,,,6.1,2004,8.43,7.1,,20.5,
2004-10-06,,10,0.3,0.04,16.7,,5.301,,,,,5.9,,5.7,7.5,2004,11.38,7.2,,19.5,
2004-10-07,,10,0.4,,,,,,,,,,,,5.4,2004,8.86,7,,20.5,
2004-10-08,,10,0.2,,,,,,,,,,,,5.4,2004,8.94,7.2,,20,
2004-10-12,,10,0.2,0.03,17.2,,,,,,,6.7,,,6.8,2004,12,7.2,,20,
2004-10-13,,10,0.2,,,,,,,,,,,,4.9,2004,7.72,7,,19.5,
2004-10-14,,10,0.3,,,,,,,,,,,,5.4,2004,10.33,7.1,,19,
2004-10-18,,10,1,0.09,17.2,,,,,,,7.1,,,7.4,2004,14.08,7.3,,17.5,
2004-10-19,,10,2.4,,,,,,,,,,,,7,2004,14,7.3,,16,
2004-10-20,,10,3.3,,,,,,,,,,,,5.5,2004,14.2,7.3,,15,
2004-10-24,,10,2.4,0.28,17.4,,,,,,,8.1,,,9.1,2004,14.98,7.4,,16.5,
2004-10-25,,10,2.3,,,,,,,,,,,,7.5,2004,15.09,7.3,,18.5,
2004-10-26,,10,3.3,,,,,,,,,,,,8.3,2004,13.72,7.2,,16,
2004-11-02,,11,0.9,0.14,17.9,,4.371,,,,,4.4,,4.7,6.2,2004,7.38,6.6,,16,
2004-11-03,,11,0.9,,,,,,,,,,,,10,2004,13.96,7.2,,16,
2004-11-04,,11,2.7,,,,,,,,,,,,8.9,2004,14.9,7.1,,14.5,
2004-11-10,,11,3.8,0.17,10.4,,,,,,,3.8,,,9.3,2004,3.84,,,,
2004-11-11,,11,1.3,,,,,,,,,,,,12.3,2004,13.75,7.3,,15,
2004-11-12,,11,0.3,,,,,,,,,,,,9.8,2004,12.75,7.3,,15,
2004-11-15,,11,0.1,0.01,11,,,,,,,2.6,,,19.1,2004,13.81,7.4,,16.5,
2004-11-16,,11,0.5,,,,,,,,,,,,12,2004,13.86,7.3,,15.5,
2004-11-17,,11,0.1,,,,,,,,,,,,13.2,2004,13.18,7.4,,15.5,
2004-11-21,,11,0.1,0.01,8.3,,,,,,,2.9,,,12.3,2004,13.78,7.4,,13,
2004-11-22,,11,0.5,,,,,,,,,,,,11.5,2004,11.48,6.9,,13.5,
2004-11-23,,11,0.7,,,,,,,,,,,,14.6,2004,19.38,7.3,,12,
2004-12-01,,12,1,0.12,8.7,,3.348,,,,,4.1,,3.6,16.5,2004,13.84,7.2,,9.5,
2004-12-02,,12,1.9,,,,,,,,,,,,14.8,2004,16.28,7.2,,9,
2004-12-03,,12,1.9,,,,,,,,,,,,20,2004,20.18,7.3,,8.5,
2004-12-07,,12,2.2,0.51,10.3,,,,,,,3.4,,,16.2,2004,19.09,7.2,,10.5,
2004-12-08,,12,2.1,,,,,,,,,,,,13.6,2004,18.36,7.3,,12,
2004-12-09,,12,1.8,,,,,,,,,,,,16.4,2004,17.65,7.3,,13,
2004-12-13,,12,0.8,0.25,13.3,,,,,,,3.6,,,15.8,2004,16.38,7.1,,13,
2004-12-14,,12,1.3,,,,,,,,,,,,14.4,2004,15.65,7.2,,13,
2004-12-15,,12,1.3,,,,,,,,,,,,12.4,2004,15.29,7.3,,12.5,
2004-12-20,,12,0.9,0.2,12.6,,,,,,,3.4,,,17,2004,12.41,7.3,,10.5,
2004-12-21,,12,0.8,,,,,,,,,,,,13.3,2004,15.99,7.3,,8,
2004-12-26,,12,1.9,0.24,13.7,,3.534,,,,,3.5,,3.8,15.2,2004,15.19,7.3,,7.5,
2004-12-27,,12,1.6,,,,,,,,,,,,12.9,2004,13.05,7.3,,8.5,
2004-12-28,,12,1.9,,,,,,,,,,,,14.4,2004,11.35,8.1,,7.5,
2005-01-05,,1,1.8,0.26,13.4,,3.069,,,,,3.9,,3.3,10.5,2005,16.81,7.1,,7.5,
2005-01-06,,1,1.9,,,,,,,,,,,,5.8,2005,9.89,6.7,,7.5,
2005-01-07,,1,2.4,,,,,,,,,,,,10.1,2005,16.14,7.1,,7.5,
2005-01-11,,1,3.4,0.35,14.2,,,,,,,5.4,,,9.3,2005,16.82,7,,9,
2005-01-12,,1,4.1,,,,,,,,,,,,8,2005,16.02,7.1,,7.5,
2005-01-13,,1,4.9,,,,,,,,,,,,8.6,2005,14.67,7.1,,8,
2005-01-17,,1,6.9,0.38,14.5,,,,,,,8.4,,,7.8,2005,16.05,7.3,,8.5,
2005-01-18,,1,5.4,,,,,,,,,,,,7,2005,9.88,7.1,,9.5,
2005-01-19,,1,7.1,,,,,,,,,,,,8.3,2005,16.23,7.1,,9.5,
2005-01-23,,1,8.4,0.26,11.9,,,,,,,9.6,,,11.8,2005,16.18,7.1,,11,
2005-01-24,,1,5,,,,,,,,,,,,7.8,2005,16.99,7.1,,10.5,
2005-01-25,,1,4.2,,,,,,,,,,,,8.3,2005,9.45,7,,11,
2005-02-02,,2,2.2,0.09,15.4,,,,,,,4.4,,,5.8,2005,9.41,6.8,,13,
2005-02-03,,2,2.3,,,,,,,,,,,,11.1,2005,15.14,7.1,,12,
2005-02-04,,2,3.4,,,,,,,,,,,,13.9,2005,15.96,7,,12,
2005-02-08,,2,2.3,0.19,16.3,,3.906,,,,,4.9,,4.2,11.8,2005,14.82,7.3,,13,
2005-02-09,,2,2.2,,,,,,,,,,,,11.4,2005,15.21,7,,13.5,
2005-02-10,,2,2.2,,,,,,,,,,,,9,2005,5.91,7.1,,15,
2005-02-13,,2,4,,,,,,,,,,,,9.5,2005,15.79,7,,12,
2005-02-14,,2,4.4,0.18,14.9,,,,,,,5.2,,,11.1,2005,15.69,7.1,,12.5,
2005-02-15,,2,4.5,,,,,,,,,,,,6.7,2005,10.07,7.1,,13.5,
2005-02-21,,2,2.2,0.16,14.2,,,,,,,5.9,,,12.3,2005,15.59,7.3,,12.5,
2005-02-22,,2,2.1,,,,,,,,,,,,11.5,2005,17.76,7.4,,13.5,
2005-02-23,,2,2,,,,,,,,,,,,10.8,2005,17.06,7.2,,13,
2005-03-02,,3,0.7,0.12,16.2,,2.883,,,,,5.5,,3.1,12.5,2005,16.01,7.3,,14,
2005-03-03,,3,0.8,,,,,,,,,,,,9.6,2005,18.59,7.3,,14,
2005-03-04,,3,1.3,,,,,,,,,,,,13.7,2005,18.17,7.1,,14,
2005-03-08,,3,0.3,0.04,14.9,,,,,,,5.4,,,13.1,2005,18.08,7.2,,15.5,
2005-03-09,,3,0.3,,,,,,,,,,,,12.8,2005,14.59,7.4,,17.5,
2005-03-10,,3,0.4,,,,,,,,,,,,10.6,2005,7.97,7.3,,16.5,
2005-03-14,,3,0.3,0.05,13.8,,,,,,,4.8,,,12.3,2005,16.08,7.4,,15,
2005-03-15,,3,0.3,,,,,,,,,,,,7.8,2005,4.88,7.2,,15,
2005-03-16,,3,0.1,,,,,,,,,,,,8.6,2005,6.95,7.4,,14.5,
2005-03-20,,3,0.5,0.02,11.7,,,,,,,5.3,,,12.9,2005,17.3,7.5,,13,
2005-03-21,,3,0.2,,,,,,,,,,,,12.6,2005,15.38,7.5,,12,
2005-03-22,,3,0.4,,,,,,,,,,,,11.3,2005,16,7.6,,12.5,
2005-03-28,,3,0.5,0.01,11.9,,,,,,,5.1,,,11.7,2005,16,7.2,,12.5,
2005-03-29,,3,0.5,,,,,,,,,,,,15,2005,12.94,7.4,,12,
2005-03-30,,3,0.5,,,,,,,,,,,,11,2005,15.43,7.5,,12.5,
2005-04-06,,4,0.1,0.01,8.4,,1.302,,,,,4.4,,1.4,7.6,2005,11.44,,,,
2005-04-07,,4,0.3,,,,,,,,,,,,8.5,2005,16.25,7.6,,15,
2005-04-08,,4,0.4,,,,,,,,,,,,12.3,2005,7.53,6.7,,12.5,
2005-04-12,,4,0.1,0.01,7.4,,,,,,,4.3,,,8.5,2005,19.68,7.2,,14,
2005-04-13,,4,0.1,,,,,,,,,,,,9.8,2005,12.42,7,,14,
2005-04-14,,4,0.1,,,,,,,,,,,,11.9,2005,22.64,7.1,,14.5,
2005-04-18,,4,0.3,0.03,7.7,,,,,,,4.1,,,6.6,2005,18.55,7.5,,14.5,
2005-04-19,,4,0.8,,,,,,,,,,,,10.7,2005,13.59,7,,15,
2005-04-20,,4,0.5,,,,,,,,,,,,9.9,2005,18.65,7.2,,15,
2005-04-24,,4,0.5,0.02,6,,,,,,,4.2,,,10.7,2005,17.42,7.3,,13.5,
2005-04-25,,4,0.2,,,,,,,,,,,,12.5,2005,16.86,7.3,,13.5,
2005-04-26,,4,0.1,,,,,,,,,,,,11.5,2005,16.32,7.2,,14.5,
2005-05-01,,5,0.1,0.03,5.2,,2.79,,,,,4,,3,9.6,2005,2,7.4,,15.5,
2005-05-02,,5,0.1,,,,,,,,,,,,9.6,2005,23.91,7.3,,15.5,
2005-05-03,,5,0.1,,,,,,,,,,,,11.6,2005,21.27,7.3,,16,
2005-05-08,,5,0.2,0.04,8.9,,,,,,,4.4,,,11.8,2005,9.11,7.3,,16,
2005-05-09,,5,0.4,,,,,,,,,,,,12.5,2005,13.18,7.1,,14.5,
2005-05-10,,5,0.3,,,,,,,,,,,,8.6,2005,12.61,7.2,,14,
2005-05-16,,5,1.5,0.26,8.6,,,,,,,3.8,,,19.5,2005,8.08,7.2,,18,
2005-05-17,,5,0.4,,,,,,,,,,,,10.2,2005,10.71,6.9,,17,
2005-05-18,,5,0.7,,,,,,,,,,,,11,2005,7.57,7.1,,18,
2005-05-25,,5,0.2,0.04,7.6,,,,,,,4.5,,,7.4,2005,10.09,7.2,,19.5,
2005-05-26,,5,0.3,,,,,,,,,,,,8.5,2005,2.92,7,,21,
2005-05-27,,5,0.3,,,,,,,,,,,,10.8,2005,13.05,7,,18,
2005-06-01,,6,0.3,0.04,6.4,,,,,,,3.8,,,7.6,2005,9.87,7,,18.5,
2005-06-02,,6,0.3,,,,,,,,,,,,10,2005,11.01,7.4,,19.5,
2005-06-03,,6,0.2,,,,,,,,,,,,12,2005,9.29,6.7,,20.5,
2005-06-06,,6,0.1,0.02,6.9,,3.069,,,,,3.7,,3.3,12.8,2005,13.14,7.2,,13.5,
2005-06-07,,6,0.2,,,,,,,,,,,,10.3,2005,8.41,7.4,,17.5,
2005-06-08,,6,0.2,,,,,,,,,,,,11.5,2005,11.25,7.2,,16,
2005-06-13,,6,0.3,0.04,6.1,,,,,,,4.6,,,8,2005,8.93,7.2,,18.5,
2005-06-14,,6,0.2,,,,,,,,,,,,11.7,2005,12.37,7.3,,19.5,
2005-06-15,,6,0.2,,,,,,,,,,,,14.5,2005,15.45,7.1,,20.1,
2005-06-20,,6,0.2,0.05,,,,,,,,4.1,,,12.1,2005,9.31,7.1,,20.5,
2005-06-21,,6,0.2,,6.7,,,,,,,,,,13.2,2005,12.78,7.2,,19,
2005-06-22,,6,0.2,,,,,,,,,,,,12.8,2005,8.63,7.1,,19.5,
2005-06-26,,6,0.1,0.02,6.6,,,,,,,3.9,,,13.4,2005,7.85,7.2,,21.5,
2005-06-27,,6,0.2,,,,,,,,,,,,16,2005,13.37,7.3,,19.5,
2005-06-28,,6,0.3,,,,,,,,,,,,14.8,2005,14.22,7.4,,21,
2005-07-06,,7,0.1,0.02,6.9,,1.674,,,,,4.2,,1.8,9.9,2005,3.4,6.8,,22,
2005-07-07,,7,0.2,,,,,,,,,,,,13.6,2005,7.43,7.3,,22,
2005-07-08,,7,0.3,,,,,,,,,,,,12.5,2005,7.89,7.3,,21.5,
2005-07-12,,7,0.3,0.02,6.6,,,,,,,,,,10.1,2005,4.25,7.3,,19.5,
2005-07-13,,7,0.3,,,,,,,,,4.3,,,11.7,2005,6.68,7.3,,19.5,
2005-07-14,,7,0.4,,,,,,,,,,,,13.5,2005,5.92,7,,21.5,
2005-07-18,,7,0.1,0.02,7.6,,,,,,,3.9,,,6.7,2005,5.44,6.9,,20,
2005-07-19,,7,0.2,,,,,,,,,,,,9.4,2005,3.19,6.7,,21,
2005-07-20,,7,0.2,,,,,,,,,,,,10.8,2005,5.65,7.3,,19.5,
2005-07-25,,7,0.2,0.02,8,,,,,,,4.1,,,8.5,2005,5.17,7.2,,20,
2005-07-26,,7,0.2,,,,,,,,,,,,10.1,2005,6.96,7.3,,20,
2005-07-27,,7,0.1,,,,,,,,,,,,11,2005,4.41,7.4,,20,
2005-08-03,,8,0.2,0.05,7.5,,2.883,,,,,,,3.1,12.2,2005,5.08,6.8,,21,
2005-08-04,,8,0.2,,,,,,,,,3.4,,,8.9,2005,5.28,7.2,,21,
2005-08-05,,8,0.2,,,,,,,,,,,,14.8,2005,6.07,7,,21.5,
2005-08-09,,8,0.1,,,,,,,,,,,,9.9,2005,4.4,7.2,,20.5,
2005-08-10,,8,0.1,0.01,5.9,,,,,,,4.5,,,10.4,2005,3.97,6.7,,21,
2005-08-11,,8,0.2,,,,,,,,,,,,10,2005,6.88,7.1,,22,
2005-08-16,,8,0.2,0.02,5.1,,,,,,,3.8,,,8.6,2005,4.32,7.3,,19.5,
2005-08-17,,8,0.2,,,,,,,,,,,,10,2005,7.61,7.2,,18,
2005-08-18,,8,0.1,,,,,,,,,,,,12.8,2005,3.27,7.1,,22.6,
2005-08-21,,8,0.1,0.02,5.1,,,,,,,4.2,,,11.2,2005,2.02,7.2,,17,
2005-08-22,,8,0.2,,,,,,,,,,,,10.7,2005,7.34,7.4,,16.5,
2005-08-23,,8,0.2,,,,,,,,,,,,10.9,2005,8.31,7.2,,18,
2005-08-29,,8,0.2,0.02,5,,,,,,,4.6,,,7.2,2005,12.32,7.3,,18.5,
2005-08-30,,8,0.1,,,,,,,,,,,,13.3,2005,7.58,7,,20,
2005-08-31,,8,0.1,,,,,,,,,,,,9.8,2005,9.73,7.4,,20,
2005-09-07,,9,0.1,0.01,5.1,,,,,,,4.3,,,9.3,2005,15.88,7.2,,16.5,
2005-09-08,,9,0.2,,,,,,,,,,,,7.7,2005,14.62,7.3,,16,
2005-09-09,,9,0.1,,,,,,,,,,,,9.8,2005,8.43,7.1,,18,
2005-09-13,,9,0.1,0.01,5.3,,3.255,,,,,4.5,,3.5,8.7,2005,9.93,7.4,,16,
2005-09-14,,9,0.1,,,,,,,,,,,,9.8,2005,11.47,7.5,,15.5,
2005-09-15,,9,0.1,,,,,,,,,,,,9.8,2005,10.03,7.5,,16,
2005-09-19,,9,0.1,0.01,5.1,,,,,,,4.4,,,8.2,2005,9.44,7.5,,15.5,
2005-09-20,,9,0.1,,,,,,,,,,,,9,2005,11.73,7.5,,17,
2005-09-21,,9,0.2,,,,,,,,,,,,9,2005,13.47,7.4,,16.5,
2005-09-25,,9,0.1,0.01,4.8,,,,,,,4.7,,,8.9,2005,13.35,7.4,,14.5,
2005-09-26,,9,0.1,,,,,,,,,,,,8.3,2005,9.27,7.3,,15.5,
2005-09-27,,9,0.2,,,,,,,,,,,,8.5,2005,12.56,7.4,,17,
2005-10-05,,10,0.1,0.01,5.5,,3.348,,,,,4.5,,3.6,8.8,2005,10.17,7.4,,17.5,
2005-10-06,,10,0.1,,,,,,,,,,,,10,2005,12.1,7.2,,18.5,
2005-10-07,,10,0.1,,,,,,,,,,,,7.3,2005,8.66,6.9,,14,
2005-10-11,,10,0.1,0.01,5.9,,,,,,,4.8,,,8,2005,12.79,7.3,,15,
2005-10-12,,10,0.1,,,,,,,,,,,,7.3,2005,11.72,7.2,,15,
2005-10-13,,10,0.1,,,,,,,,,,,,7.5,2005,13.51,7.3,,15,
2005-10-17,,10,0.2,0.01,5.1,,,,,,,4.1,,,7.2,2005,15.71,7.2,,13.5,
2005-10-18,,10,0.1,,,,,,,,,,,,6.6,2005,10.02,7.2,,15,
2005-10-19,,10,0.1,,,,,,,,,,,,6.2,2005,10.13,7.2,,15,
2005-10-23,,10,0.1,0.01,6,,,,,,,3.8,,,7,2005,14.29,7.2,,13,
2005-10-24,,10,0.2,,,,,,,,,,,,9.5,2005,13.5,7.2,,13,
2005-10-25,,10,0.1,,,,,,,,,,,,7.8,2005,11.93,7.2,,13.5,
2005-11-01,,11,0.3,0.04,7.4,,,,,,,5,,,9.7,2005,13.06,7.3,,14,
2005-11-02,,11,0.4,,,,,,,,,,,,10.5,2005,14.52,7.1,,14.5,
2005-11-03,,11,0.5,,,,,,,,,,,,10.5,2005,13.12,7,,12,
2005-11-08,,11,1.1,0.11,8.7,,4.65,,,,,5,,5,14.7,2005,16.86,7.3,,16,
2005-11-09,,11,1.2,,,,,,,,,,,,10.5,2005,16.06,7.4,,16,
2005-11-10,,11,1.1,,,,,,,,,,,,9.4,2005,10.25,7.1,,15,
2005-11-16,,11,0.9,0.18,11.1,,,,,,,5.1,,,13.3,2005,13.77,7,,16,
2005-11-17,,11,1.5,,,,,,,,,,,,12.7,2005,17.43,7.2,,15.5,
2005-11-18,,11,1.9,,,,,,,,,,,,15.8,2005,10.39,7.1,,16,
2005-11-20,,11,1.9,0.35,11.3,,,,,,,5.1,,,10.7,2005,17.85,7.3,,14,
2005-11-21,,11,1.9,,,,,,,,,,,,9.5,2005,16.7,7.1,,14,
2005-11-22,,11,2.5,,,,,,,,,,,,10.8,2005,9.11,7.1,,14.5,
2005-11-27,,11,3.4,0.39,12.3,,,,,,,5.5,,,16,2005,13.21,7.2,,11.5,
2005-11-28,,11,3.6,,,,,,,,,,,,16.4,2005,13.44,7,,10.5,
2005-11-29,,11,5.3,,,,,,,,,,,,13.2,2005,11.56,7.1,,12,
2005-12-06,,12,5.8,0.29,12.8,,4.65,,,,,5.6,,5,12.2,2005,14.17,7,,10.5,
2005-12-07,,12,5.8,,,,,,,,,,,,18.2,2005,13.33,7.1,,11,
2005-12-08,,12,5.6,,,,,,,,,,,,13.2,2005,8.37,7.1,,12,
2005-12-14,,12,0.6,0.03,20.9,,,,,,,5,,,11.7,2005,7.54,7,,12,
2005-12-15,,12,1.9,,,,,,,,,,,,12.4,2005,6.12,6.8,,11.5,
2005-12-16,,12,1.4,,,,,,,,,,,,9.2,2005,6.61,7,,10,
2005-12-19,,12,4.4,0.25,16.9,,,,,,,5.5,,,13,2005,10.73,7,,13.5,
2005-12-20,,12,4.5,,,,,,,,,,,,15.2,2005,14.09,7,,13,
2005-12-21,,12,3,,,,,,,,,,,,12.2,2005,15.45,6.9,,14.5,
2005-12-26,,12,3.7,0.38,17.9,,,,,,,5.3,,,8.8,2005,14.97,6.8,,15,
2005-12-27,,12,4.2,,,,,,,,,,,,8.3,2005,14.97,7,,15,
2005-12-28,,12,3.4,,,,,,,,,,,,10,2005,13.18,7.1,,14.5,
2006-01-04,,1,11.9,0.45,11,1.6,,,,,,13.5,,,13.3,2006,21.68,6.9,,13,
2006-01-05,,1,11.7,,,,,,,,,,,,10.2,2006,23.08,7,,12.5,
2006-01-06,,1,10.2,,,,,,,,,,,,14.4,2006,20.29,6.8,,12,
2006-01-10,,1,5.11,,,,3.069,,,,,,,3.3,11.1,2006,16.43,7.1,,12,
2006-01-11,,1,6.92,0.37,15,0.55,,,,,,7.47,,,10.7,2006,17.89,7.1,,13,
2006-01-12,,1,7.01,,,,,,,,,,,,12.2,2006,16.98,7.3,,12.5,
2006-01-16,,1,7.35,0.4,15.2,4.24,,,,,,11.59,,,9.9,2006,17,7.1,,12,
2006-01-17,,1,5.51,,,,,,,,,,,,9.8,2006,11.72,6.9,,11.5,
2006-01-18,,1,5.08,,,,,,,,,,,,10,2006,17.66,6.9,,12.5,
2006-01-22,,1,5.84,0.27,14.9,0.2,,,,,,6.04,,,8.3,2006,18.74,7.1,,11.5,
2006-01-23,,1,5.83,,,,,,,,,,,,10,2006,18.19,7.2,,11.5,
2006-01-24,,1,6.64,,,,,,,,,,,,9.2,2006,16.67,7,,12.5,
2006-02-01,,2,6.18,0.22,15.6,5.46,3.627,,,,,11.64,,3.9,9.7,2006,10.73,6.7,,13,
2006-02-02,,2,7.55,,,,,,,,,,,,10.3,2006,18.08,7.2,,14,
2006-02-03,,2,7.17,,,,,,,,,,,,9.2,2006,17.61,6.9,,14.5,
2006-02-07,,2,7.78,0.22,15.2,0.7,,,,,,8.48,,,11.8,2006,17.65,7.1,,12.5,
2006-02-08,,2,4.05,,,,,,,,,,,,7.3,2006,14.66,7.1,,13,
2006-02-09,,2,2.35,,,,,,,,,,,,9.8,2006,7.85,7.2,,14.5,
2006-02-14,,2,1.1,0.04,22.5,6.77,,,,,,7.87,,,11.5,2006,11.97,,,,
2006-02-15,,2,1.96,,,,,,,,,,,,9.8,2006,11.56,7.1,,12.5,
2006-02-16,,2,1.7,,,,,,,,,,,,13.3,2006,9.77,6.9,,11,
2006-02-20,,2,1.1,0.08,21.3,7.51,,,,,,8.61,,,9.4,2006,12.68,7.1,,10,
2006-02-21,,2,1.68,,,,,,,,,,,,9.5,2006,12.29,7.4,,10.5,
2006-02-22,,2,1.01,,,,,,,,,,,,7.7,2006,9.47,6.9,,10.5,
2006-02-26,,2,1.01,0.05,22.8,4.41,,,,,,5.42,,,11.3,2006,13.42,7.1,,14.5,
2006-02-27,,2,3.69,,,,,,,,,,,,12.3,2006,15.3,7.2,,12.5,
2006-02-28,,2,3.54,,,,,,,,,,,,10.2,2006,16.86,7.3,,14.5,
2006-03-08,,3,0.55,0.15,19.2,2.85,3.255,,,,,3.4,,3.5,10.5,2006,13.92,7.1,,13,
2006-03-09,,3,0.7,,,,,,,,,,,,11.7,2006,13.68,7,,12.5,
2006-03-10,,3,0.48,,,,,,,,,,,,11,2006,17.11,7.1,,11,
2006-03-14,,3,0.39,0.04,19,2.47,,,,,,2.86,,,11.8,2006,16.9,6.9,,12.5,
2006-03-15,,3,0.23,,,,,,,,,,,,11.3,2006,16.44,7.3,,12,
2006-03-16,,3,0.28,,,,,,,,,,,,13,2006,16.96,7,,12,
2006-03-20,,3,0.13,0.01,17.2,3.16,,,,,,3.29,,,12.5,2006,17.36,7.1,,13.5,
2006-03-21,,3,0.16,,,,,,,,,,,,12.5,2006,18.98,7.2,,12.5,
2006-03-22,,3,0.1,,,,,,,,,,,,12.8,2006,16.4,7.2,,13,
2006-03-26,,3,0.1,0.01,16.7,3.46,,,,,,3.56,,,12.7,2006,18.66,7.2,,15,
2006-03-27,,3,0.34,,,,,,,,,,,,11,2006,13.73,7.1,,14.5,
2006-03-28,,3,0.13,,,,,,,,,,,,12.4,2006,15.08,7,,14.5,
2006-04-05,,4,0.16,0.01,12.2,2.79,2.511,,,,,2.95,,2.7,13.2,2006,17.52,7.1,,13.5,
2006-04-06,,4,0.16,,,,,,,,,,,,11.9,2006,17.65,7.5,,15,
2006-04-07,,4,0.12,,,,,,,,,,,,11.6,2006,17.92,7.1,,15,
2006-04-11,,4,0.1,0.01,9.4,2.86,,,,,,2.96,,,12.4,2006,16.66,7,,15,
2006-04-12,,4,0.09,,,,,,,,,,,,13.2,2006,16.93,7.1,,15,
2006-04-13,,4,0.1,,,,,,,,,,,,12.7,2006,17.58,7.4,,15,
2006-04-17,,4,0.1,,,3.19,,,,,,3.29,,,14.2,2006,17.62,7.4,,14.5,
2006-04-18,,4,0.11,0.01,7.4,,,,,,,,,,12.2,2006,17.97,7.1,,17,
2006-04-19,,4,0.1,,,,,,,,,,,,11.8,2006,11.83,7.4,,17,
2006-04-23,,4,0.08,0.01,6.7,3.04,,,,,,3.13,,,10.4,2006,18.26,7.4,,17,
2006-04-24,,4,0.08,,,,,,,,,,,,10.3,2006,18.38,7.4,,17.5,
2006-04-25,,4,2.21,,,,,,,,,,,,9.3,2006,16.87,7.6,,16,
2006-05-03,,5,0.12,,,,,,,,,,,,8.6,2006,9.04,7.2,,21,
2006-05-04,,5,0.09,0.01,5.2,2.76,3.255,,,,,2.85,,3.5,8,2006,15.19,7.1,,20,
2006-05-05,,5,0.09,,,,,,,,,,,,8,2006,11.39,7.3,,19.5,
2006-05-10,,5,0.09,0.01,5.1,2.78,,,,,,2.88,,,8.4,2006,13.09,7.1,,21.5,
2006-05-11,,5,0.09,,,,,,,,,,,,8,2006,16.73,7.4,,21,
2006-05-16,,5,0.18,0.01,5.2,2.78,,,,,,2.96,,,7,2006,13.97,7.3,,22.5,
2006-05-17,,5,0.13,,,,,,,,,,,,6.6,2006,7.01,7.2,,23.5,
2006-05-18,,5,0.13,,,,,,,,,,,,6.8,2006,16.1,7.4,,21.5,
2006-05-22,,5,0.17,0.01,5.9,1.96,,,,,,2.12,,,8,2006,15.89,7.3,,18.5,
2006-05-23,,5,0.18,,,,,,,,,,,,7.2,2006,13.13,7.4,,20.5,
2006-05-24,,5,0.16,,,,,,,,,,,,7.3,2006,13.91,7.3,,20,
2006-05-29,,5,0.08,0.01,6.4,2.58,,,,,,2.66,,,8.4,2006,11.22,7.2,,19,
2006-05-30,,5,0.1,,,,,,,,,,,,8,2006,12.36,7.5,,19,
2006-05-31,,5,0.14,,,,,,,,,,,,8,2006,9.93,7.3,,21,
2006-06-05,,6,0.08,0.02,6.3,2.84,3.906,,,,,2.93,,4.2,9.2,2006,12.28,7.3,,22,
2006-06-06,,6,0.09,,,,,,,,,,,,9.4,2006,6.87,7.4,,24.5,
2006-06-07,,6,0.35,,,,,,,,,,,,9,2006,12.22,7.3,,21.5,
2006-06-13,,6,0.13,0.02,7.4,2.98,,,,,,3.12,,,9.4,2006,10.25,7.3,,19,
2006-06-14,,6,0.11,,,,,,,,,,,,9.3,2006,7.34,7.2,,20.5,
2006-06-15,,6,0.15,,,,,,,,,,,,10,2006,9.22,7.2,,22.5,
2006-06-21,,6,0.18,0.02,6.3,5.03,,,,,,5.21,,,8.1,2006,6.58,7.1,,25,
2006-06-22,,6,0.17,,,,,,,,,,,,9.4,2006,11.12,7.2,,25.5,
2006-06-23,,6,0.18,,,,,,,,,,,,10.7,2006,8.39,7.1,,26,
2006-06-27,,6,0.14,,,,,,,,,,,,10.5,2006,10.13,7.1,,24,
2006-06-28,,6,0.15,0.02,8,3.56,,,,,,3.71,,,8.5,2006,7.43,7,,24,
2006-06-29,,6,0.1,,,,,,,,,,,,8.8,2006,6.98,7.1,,24.5,
2006-07-04,,7,0.11,0.01,7.4,3.71,4.929,,,,,3.82,,5.3,11.8,2006,11.4,7.3,,20.5,
2006-07-05,,7,0.12,,,,,,,,,,,,6.6,2006,0.75,7.1,,23,
2006-07-06,,7,0.08,,,,,,,,,,,,10,2006,8.8,7.1,,22,
2006-07-10,,7,0.09,0.01,6.9,4.25,,,,,,4.34,,,10.8,2006,8.16,7.1,,24.5,
2006-07-11,,7,0.09,,,,,,,,,,,,11,2006,12.55,7.1,,22.5,
2006-07-12,,7,0.09,,,,,,,,,,,,8.8,2006,4.39,7.5,,23.5,
2006-07-18,,7,0.11,0.02,6.7,5.72,,,,,,5.84,,,9,2006,10.58,7.3,,26,
2006-07-19,,7,0.1,,,,,,,,,,,,9.5,2006,5.87,6.9,,26,
2006-07-20,,7,0.08,,,,,,,,,,,,8.6,2006,7.95,7.1,,27,
2006-07-26,,7,0.11,,,,,,,,,,,,7.5,2006,6.14,7,,27,
2006-07-27,,7,0.08,0.01,7.4,4.5,,,,,,4.58,,,10,2006,7.09,7.1,,26,
2006-07-28,,7,0.09,,,,,,,,,,,,8.8,2006,9.93,7.3,,24,
2006-08-03,,8,0.13,0.01,7.5,4.68,5.115,,,,,4.81,,5.5,8.6,2006,6.62,7,,22.5,
2006-08-04,,8,0.12,,,,,,,,,,,,11,2006,11.63,7.4,,21,
2006-08-08,,8,0.14,0.02,8.1,5.38,,,,,,5.52,,,10.5,2006,11.5,7.2,,21,
2006-08-09,,8,0.15,,,,,,,,,,,,11.4,2006,4.14,7.2,,25,
2006-08-10,,8,0.16,,,,,,,,,,,,8,2006,11.14,7.2,,24.5,
2006-08-15,,8,0.11,0.01,5.5,4.18,,,,,,4.29,,,10.8,2006,9.69,7.2,,23,
2006-08-16,,8,0.13,,,,,,,,,,,,7.3,2006,6.93,7.4,,23,
2006-08-17,,8,0.1,,,,,,,,,,,,8.4,2006,2.37,7.3,,23,
2006-08-21,,8,0.18,0.01,6.1,3.28,,,,,,3.46,,,10,2006,10.24,7.2,,21.5,
2006-08-22,,8,0.2,,,,,,,,,,,,10.3,2006,11.18,7.3,,21,
2006-08-23,,8,0.22,,,,,,,,,,,,10,2006,8.91,7.3,,21,
2006-08-27,,8,0.21,0.02,7.6,3.87,,,,,,4.09,,,7.2,2006,13.74,7.3,,21.5,
2006-08-28,,8,0.17,,,,,,,,,,,,9.8,2006,10.72,7.3,,22.5,
2006-08-29,,8,0.17,,,,,,,,,,,,10.4,2006,11.92,7.2,,21,
2006-09-06,,9,0.21,0.03,10.9,4.08,5.673,,,,,4.29,,6.1,10,2006,9.85,7.1,,21.5,
2006-09-07,,9,0.22,,,,,,,,,,,,11.4,2006,11.12,7.2,,22,
2006-09-08,,9,0.16,,,,,,,,,,,,11,2006,11.85,7.2,,21,
2006-09-12,,9,0.12,0.02,12.2,3.89,,,,,,4,,,7.6,2006,7.74,6.9,,24,
2006-09-13,,9,0.11,,,,,,,,,,,,7,2006,10.71,7.3,,23.5,
2006-09-18,,9,0.09,0.03,12.6,3.19,,,,,,3.28,,,8,2006,10.95,7.1,,20.5,
2006-09-19,,9,0.13,,,,,,,,,,,,7,2006,7.76,7.2,,21,
2006-09-20,,9,0.17,,,,,,,,,,,,7.4,2006,6.69,7.3,,22,
2006-09-24,,9,0.13,0.02,11,3.71,,,,,,3.84,,,9.6,2006,6.26,7.1,,21.5,
2006-09-25,,9,0.17,,,,,,,,,,,,8,2006,13.69,7.1,,20,
2006-09-26,,9,0.44,,,,,,,,,,,,9,2006,7.5,7.3,,22.5,
2006-10-04,,10,0.08,0.01,9.6,4.37,2.325,,,,,4.45,,2.5,10,2006,15.49,7.2,,18.5,
2006-10-05,,10,0.12,,,,,,,,,,,,10.6,2006,9.27,7.3,,18,
2006-10-06,,10,0.09,,,,,,,,,,,,9.6,2006,9.12,6.9,,18,
2006-10-10,,10,1.03,0.06,10.1,4.16,,,,,,5.19,,,6.3,2006,20.59,7.1,,18.5,
2006-10-11,,10,1.37,,,,,,,,,,,,6.2,2006,20.49,7,,18.5,
2006-10-12,,10,2.26,,,,,,,,,,,,6.9,2006,20.73,7.1,,18.5,
2006-10-16,,10,1.52,0.12,14.1,4.8,,,,,,6.32,,,5.6,2006,15.36,7.1,,16.5,
2006-10-17,,10,1.7,,,,,,,,,,,,6,2006,10.98,7,,16.5,
2006-10-18,,10,0.22,,,,,,,,,,,,6.4,2006,2.98,,,,
2006-10-22,,10,1.1,0.1,16.5,4.26,,,,,,5.36,,,6.2,2006,11.69,6.9,,19,
2006-10-23,,10,0.98,,,,,,,,,,,,6.8,2006,12.04,7,,18,
2006-10-24,,10,0.88,,,,,,,,,,,,5.6,2006,14.4,6.9,,18.5,
2006-11-01,,11,3.63,0.21,16.8,3.73,4.557,,,,,7.36,,4.9,7.6,2006,9.66,6.8,,16,
2006-11-02,,11,3.64,,,,,,,,,,,,7,2006,14.81,6.9,,16,
2006-11-03,,11,2.99,,,,,,,,,,,,8.2,2006,10.98,6.9,,18.5,
2006-11-07,,11,3.31,0.33,19.7,4.35,,,,,,7.66,,,6.8,2006,12.25,6.9,,19,
2006-11-08,,11,4.05,,,,,,,,,,,,7,2006,12.69,7.3,,19.5,
2006-11-09,,11,5.63,,,,,,,,,,,,7.8,2006,10.83,7.2,,16.5,
2006-11-13,,11,7.33,0.42,17.5,2.77,,,,,,10.1,,,8.3,2006,9.79,7.1,,14.5,
2006-11-14,,11,6.63,,,,,,,,,,,,8,2006,12.99,7.1,,15,
2006-11-15,,11,6.74,,,,,,,,,,,,8,2006,13.48,7.1,,14.5,
2006-11-19,,11,6.3,0.58,18.4,3.6,,,,,,9.9,,,8.4,2006,13.08,7,,16,
2006-11-20,,11,5.7,,,,,,,,,,,,8,2006,13.16,7.1,,16.5,
2006-11-21,,11,4.94,,,,,,,,,,,,6.8,2006,11.44,6.9,,17,
2006-11-27,,11,7.76,0.6,14.9,3.94,,,,,,11.7,,,9.4,2006,9.93,7,,11.5,
2006-11-28,,11,7.11,,,,,,,,,,,,10.5,2006,11.56,7.1,,10.5,
2006-11-29,,11,7.77,,,,,,,,,,,,12.4,2006,13.15,7.1,,10,
2006-12-04,,12,7.03,0.74,17.2,3.01,3.999,,,,,10.04,,4.3,14,2006,8.71,7,,10.5,
2006-12-05,,12,7.32,,,,,,,,,,,,10,2006,12.48,7,,10.5,
2006-12-06,,12,6.84,,,,,,,,,,,,10.3,2006,14.35,7.1,,10.5,
2006-12-12,,12,4.12,0.82,19.5,3.68,,,,,,7.8,,,12.4,2006,13.02,7,,13,
2006-12-13,,12,3.77,,,,,,,,,,,,9.6,2006,14,6.9,,14.5,
2006-12-14,,12,2.78,,,,,,,,,,,,9,2006,14.72,6.9,,16,
2006-12-17,,12,4.64,0.64,16.8,3.36,,,,,,8,,,18.5,2006,14.22,7,,10.4,
2006-12-26,,12,2.82,0.65,18.8,1.69,,,,,,4.51,,,17.1,2006,10.35,6.9,,11.5,
2007-01-03,,1,4.83,0.53,19.7,2.31,3.348,,,,,7.14,,3.6,10,2007,9.68,6.9,,12.5,
2007-01-04,,1,3.97,,,,,,,,,,,,10,2007,14.76,7,,13,
2007-01-05,,1,6.71,,,,,,,,,,,,11,2007,14.89,7.1,,10,
2007-01-08,,1,5.85,0.76,17.4,3.84,,,,,,9.69,,,13,2007,16.81,7,,10.5,
2007-01-09,,1,6.59,,,,,,,,,,,,14,2007,16.08,7,,11,
2007-01-10,,1,6.18,,,,,,,,,,,,16,2007,9.35,7,,11.5,
2007-01-16,,1,10.5,0.7,15,4.5,,,,,,15,,,16.8,2007,16.06,7,,7,
2007-01-17,,1,9.09,,,,,,,,,,,,23.5,2007,14.58,7.2,,7.5,
2007-01-18,,1,7.46,,,,,,,,,,,,12.4,2007,10.25,7,,9,
2007-01-22,,1,2.52,0.3,20,4.48,,,,,,7,,,20,2007,14.03,6.9,,9.5,
2007-01-23,,1,1.29,,,,,,,,,,,,17.3,2007,11.57,6.9,,10,
2007-01-24,,1,0.92,,,,,,,,,,,,18,2007,8.94,6.9,,10.5,
2007-01-28,,1,0.65,0.08,19.5,4.95,,,,,,5.6,,,20.7,2007,12.35,7,,13,
2007-01-29,,1,0.99,,,,,,,,,,,,15,2007,10.31,7.1,,13.5,
2007-01-30,,1,1.8,,,,,,,,,,,,14.5,2007,8.55,7.1,,13.5,
2007-02-06,,2,2.71,0.18,17.2,6.06,,,,,,8.77,,,8.9,2007,12.63,7.1,,13.5,
2007-02-07,,2,3.74,,,,,,,,,,,,8.9,2007,10.05,7.1,,14.5,
2007-02-08,,2,4.33,,,,,,,,,,,,9.8,2007,13.97,7.1,,15,
2007-02-12,,2,5.37,0.27,17.4,5.16,3.906,,,,,10.53,,4.2,8.6,2007,16.53,7.2,,14.5,
2007-02-13,,2,4.84,,,,,,,,,,,,8.1,2007,16.59,7.2,,14,
2007-02-14,,2,5.14,,,,,,,,,,,,8,2007,15.31,7.1,,14,
2007-02-20,,2,1.83,0.39,19.1,4.96,,,,,,6.79,,,12,2007,15.79,7.1,,15,
2007-02-21,,2,1.78,,,,,,,,,,,,10.8,2007,15.91,7.1,,15,
2007-02-22,,2,1.77,,,,,,,,,,,,12.4,2007,15.04,7.1,,14,
2007-02-25,,2,1.21,0.37,17.6,4.26,,,,,,5.47,,,16,2007,16.17,7.2,,13.5,
2007-02-26,,2,1.07,,,,,,,,,,,,14.7,2007,15.86,7.2,,13,
2007-02-27,,2,1.13,,,,,,,,,,,,12,2007,10.04,7.3,,13,
2007-03-05,,3,0.43,0.13,16.9,3,,,,,,3.43,,,8.4,2007,16.19,7.1,,16,
2007-03-06,,3,0.49,,,,,,,,,,,,12,2007,16.89,7.2,,17,
2007-03-07,,3,0.53,,,,,,,,,,,,10.8,2007,11.81,7.2,,17,
2007-03-13,,3,0.56,,,,,,,,,,,,9.1,2007,15.56,7.1,,21,
2007-03-14,,3,0.97,0.4,14.2,4.57,,,,,,5.54,,,11.6,2007,11.21,7.1,,20.5,
2007-03-15,,3,0.97,,,,,,,,,,,,12.8,2007,15.79,7.1,,19,
2007-03-20,,3,1.04,0.45,13.9,3.26,,,,,,4.3,,,11.5,2007,13.27,7.2,,19,
2007-03-21,,3,0.64,,,,,,,,,,,,13,2007,9.95,7.1,,18.5,
2007-03-22,,3,0.29,,,,,,,,,,,,17.9,2007,13.18,7.1,,17,
2007-03-25,,3,0.55,0.19,12.5,4.48,2.976,,,,,5.03,,3.2,18.5,2007,15.59,7.2,,19,
2007-03-26,,3,0.78,,,,,,,,,,,,14,2007,14.6,7.1,,18.5,
2007-03-27,,3,2.5,,,,,,,,,,,,13,2007,13.28,7.3,,15,
2007-04-02,,4,0.58,0.25,11.8,7.3,2.976,,,,,7.88,,3.2,12.9,2007,7.81,7.2,,17,
2007-04-09,,4,0.4,0.1,12.4,3.44,,,,,1124,3.84,,,10.4,2007,12.55,7.3,,19,
2007-04-16,,4,0.4,0.07,12.8,,,,,,1038,1.27,,,10.5,2007,13.36,7.1,,15.8,
2007-04-23,,4,0.29,0.08,12,1.18,,,,,1093,1.47,,,8.6,2007,17.19,7.2,,15.5,
2007-05-01,,5,0.2,0.02,12.2,2.57,3.348,,,,1088,2.77,,3.6,9.6,2007,6.66,7.2,,19.8,
2007-05-06,,5,0.16,0.03,10.7,2.42,,,,,1164,2.58,,,10.5,2007,14.36,7.3,,17.9,
2007-05-07,,5,0.21,,,,,,,,,,,,8,2007,9.48,7.1,,21.7,
2007-05-08,,5,0.21,,,,,,,,,,,,8.5,2007,10.47,7.2,,22.1,
2007-05-16,,5,0.11,0.06,8.1,3.08,,,,,1101,3.2,,,9.5,2007,10.61,7.3,,18.1,
2007-05-17,,5,0.11,,,,,,,,,,,,7.9,2007,6.43,7.3,,21.4,
2007-05-18,,5,0.18,,,,,,,,,,,,9.1,2007,12.09,7.3,,19.4,
2007-05-20,,5,0.14,0.04,8.2,1.71,,,,,1090,1.85,,,10.5,2007,10.18,7.4,,20.5,
2007-05-21,,5,0.14,,,,,,,,,,,,8.5,2007,9.95,7.4,,19.2,
2007-05-22,,5,0.12,,,,,,,,,,,,9.9,2007,9.5,7.4,,19.9,
2007-05-29,,5,0.14,0.02,6.1,1.45,,,,,1108,1.59,,,8.6,2007,11.4,7.3,,20.4,
2007-05-30,,5,0.16,,,,,,,,,,,,9,2007,7.09,7.2,,20.7,
2007-05-31,,5,0.11,,,,,,,,,,,,6.8,2007,10.2,7.3,,19.5,
2007-06-04,,6,0.19,0.03,6.5,2.7,4.185,,,,,2.89,,4.5,9,2007,11.21,7.3,,21.1,
2007-06-05,,6,0.15,,,,,,,,,,,,8.5,2007,9.03,7.3,,20.7,
2007-06-06,,6,0.09,,,,,,,,,,,,9.1,2007,11.34,7.3,,18.7,
2007-06-11,,6,0.11,0.02,6.2,2.6,,,,,1094,2.71,,,9.3,2007,9.53,7.2,,20.6,
2007-06-12,,6,0.13,,,,,,,,,,,,6.4,2007,4.08,7.1,,23.4,
2007-06-13,,6,0.15,,,,,,,,,,,,9,2007,8.34,7.2,,24.5,
2007-06-18,,6,0.13,0.01,6.2,2.38,,,,,1045,2.51,,,8.6,2007,9.52,7.2,,22.9,
2007-06-19,,6,0.12,,,,,,,,,,,,8.1,2007,9.08,7.1,,23.3,
2007-06-20,,6,0.15,,,,,,,,,,,,8.4,2007,11.38,7.2,,22.1,
2007-06-25,,6,0.1,0.01,6.2,2.97,,,,,1009,3.07,,,9.4,2007,9.7,7.2,,20.9,
2007-06-26,,6,0.13,,,,,,,,,,,,8.4,2007,8.82,7.3,,21.6,
2007-06-27,,6,0.12,,,,,,,,,,,,8.4,2007,9.68,7.2,,21.5,
2007-07-04,,7,0.08,0.02,7.4,3.52,9.393,,,,,3.6,,10.1,9,2007,10.16,7.2,,22.5,
2007-07-05,,7,0.1,,,,,,,,1021,,,,9.2,2007,8.78,7.1,,24.9,
2007-07-06,,7,0.12,,,,,,,,,,,,10.2,2007,7.6,7,,25.3,
2007-07-10,,7,0.07,0.01,9.3,2.83,,,,,,2.9,,,9,2007,8.14,7,,22.7,
2007-07-11,,7,0.07,,,,,,,,958,,,,9,2007,8.97,7,,22.1,
2007-07-12,,7,0.14,,,,,,,,,,,,7.9,2007,5.81,7.1,,23.2,
2007-07-17,,7,0.16,0.01,18.4,2.44,,,,,933,2.6,,,8.5,2007,8.91,6.9,,22.7,
2007-07-18,,7,0.09,,,,,,,,,,,,8,2007,11.14,7.2,,23,
2007-07-19,,7,0.12,,,,,,,,,,,,8.8,2007,9.29,7,,21.8,
2007-07-24,,7,0.08,0.01,10.2,5.42,,,,,,5.5,,,6.8,2007,11.18,7.2,,23.4,
2007-07-25,,7,0.15,,,,,,,,923,,,,7.6,2007,8.53,7.1,,22.8,
2007-07-26,,7,0.13,,,,,,,,,,,,7.6,2007,6.81,7,,23,
2007-08-01,,8,0.11,0.01,10.1,3.33,4.743,,,,,3.44,,5.1,7.6,2007,10.05,7.2,,22.7,
2007-08-02,,8,0.14,,,,,,,,942,,,,8,2007,6.94,7.1,,25.4,
2007-08-03,,8,0.17,,,,,,,,,,,,8.6,2007,10.51,7.1,,22.4,
2007-08-07,,8,0.18,0.02,11.7,5.94,,,,,,6.12,,,8,2007,6.94,7.2,,21.4,
2007-08-08,,8,0.19,,,,,,,,599,,,,9.4,2007,9.97,7.2,,20.9,
2007-08-09,,8,0.2,,,,,,,,,,,,8.6,2007,10.45,7.1,,21.9,
2007-08-13,,8,0.21,0.03,9,5.89,,,,,,6.11,,,8.5,2007,11.44,7.1,,20.8,
2007-08-14,,8,0.35,,,,,,,,885,,,,9.1,2007,10.56,7.4,,22,
2007-08-15,,8,0.39,,,,,,,,,,,,7.9,2007,11.89,7.1,,21.5,
2007-08-20,,8,0.52,0.11,9.6,3.48,,,,,967,4,,,9,2007,10.16,7,,23.4,
2007-08-22,,8,1.03,,,,,,,,,,,,8.3,2007,7.22,7.1,,24.4,
2007-08-31,,8,0.32,,,,,,,,,,,,7,2007,6.71,,,,
2007-09-04,,9,0.21,0.02,16.1,3.15,5.673,,,,859,3.36,,6.1,7.8,2007,9.65,7.1,,23.5,
2007-09-05,,9,0.14,,,,,,,,,,,,4.4,2007,4.6,7.2,,25.9,
2007-09-06,,9,0.2,,,,,,,,,,,,7.3,2007,6.99,7.1,,24.4,
2007-09-11,,9,0.19,0.01,15.5,3.08,,,,,937,3.26,,,7.8,2007,6.95,7.1,,21.7,
2007-09-12,,9,0.37,,,,,,,,,,,,6.6,2007,9.4,7.1,,20.9,
2007-09-13,,9,2.32,,,,,,,,,,,,7,2007,7.07,7.1,,21.3,
2007-09-19,,9,,0.26,13.7,,,,,,890,4.52,,,6.8,2007,8.48,7.2,,21,
2007-09-24,,9,,0.3,15.7,,,,,,888,4.46,,,7.3,2007,10.36,7.1,,19.8,
2007-10-02,,10,1.8,0.53,15.2,4.28,5.58,,,,942,6.08,,6,7,2007,9.91,7,,19.5,
2007-10-08,,10,5.43,0.68,13.2,1.44,6.324,,,,969,6.87,,6.8,7.5,2007,8.94,7,,19.3,
2007-10-16,,10,3.42,0.75,15,2.08,,,,,993,5.5,,,7,2007,11.09,7,,17.9,
2007-10-22,,10,3.3,0.71,14.3,2.3,,,,,1150,5.6,,,14,2007,9.98,7,,17.1,
2007-10-28,,10,4.13,0.31,15.6,1.67,,,,,,5.8,,,6,2007,5.63,6.9,,19.3,
2007-11-05,,11,8.44,1.23,10,2.68,5.208,,,,967,11.12,,5.6,9.1,2007,18.43,7.1,,18.1,
2007-11-12,,11,6.8,1.08,11.2,4.01,,,,,1050,10.81,,,10.2,2007,17.53,7.1,,16.4,
2007-11-18,,11,8.36,1,12.5,1.35,,,,,1047,9.71,,,9,2007,11.08,7.1,,18.4,
2007-11-26,,11,8.48,0.85,11.9,2.56,,,,,1054,11.04,,,14,2007,13.43,7.1,,13.1,
2007-12-03,,12,10.2,0.79,13,2.97,2.232,,,,1103,13.17,,2.4,16.1,2007,13.05,7.1,,13.4,
2007-12-10,,12,11.4,0.66,9.7,2.88,,,,,1090,14.28,,,18,2007,18.76,7.2,,13.4,
2007-12-17,,12,11.1,0.98,11.3,1.42,,,,,1048,12.52,,,16,2007,16.5,7.1,,12.9,
2008-01-02,,1,9.6,0.77,10.5,0.6,2.976,,,,1034,9.66,,3.2,18,2008,13.84,7.1,,10.3,
2008-01-07,,1,7.1,1.03,10.2,3.85,,,,,920,10.95,,,16.3,2008,21.09,6.9,,12.6,
2008-01-14,,1,5.6,1.06,11.5,2.94,,,,,910,8.54,,,15,2008,17.98,7.1,,12.2,
2008-01-21,,1,9,0.79,9.7,0.29,,,,,958,9.29,,,11.7,2008,19.37,7.3,,9.9,
2008-01-27,,1,9.11,1.18,11.3,2.5,,,,,820,11.6,,,10,2008,20.4,7.2,,13.2,
2008-02-01,,2,10.2,,,,,,,,900,,,,7.3,2008,14.38,7.3,,10.5,
2008-02-04,,2,8.42,0.84,11.4,2.65,2.976,,,,871,11.07,,3.2,8,2008,18.06,7.3,,12,
2008-02-11,,2,3.52,0.74,14.8,3.46,3.162,,,,858,6.98,,3.4,9.5,2008,17.04,7.3,,16,
2008-02-18,,2,3.78,0.86,14.8,2.79,,,,,892,6.57,,,9,2008,17.57,7.1,,12.4,
2008-02-25,,2,3.95,0.73,14.8,2.49,,,,,836,6.44,,,10,2008,16.39,7.1,,12.9,
2008-03-03,,3,1.07,0.2,16.3,1.62,3.069,,,,888,2.69,,3.3,8.3,2008,12.13,7,,14.8,
2008-03-10,,3,0.49,0.15,15,12.71,,,,,895,13.2,,,8.7,2008,14.38,7.1,,17.3,
2008-03-17,,3,0.68,0.12,13.7,3.09,,,,,920,3.77,,,14,2008,14.58,7,,14.4,
2008-03-24,,3,0.92,0.09,12.8,4.26,,,,,909,5.18,,,11,2008,11.89,7.2,,16.6,
2008-04-01,,4,0.66,0.08,11,4.19,2.604,,,,932,4.85,,2.8,10,2008,13.7,7.1,,15.3,
2008-04-07,,4,0.22,0.03,9.6,5.65,,,,,730,5.87,,,14.3,2008,15.81,7.1,,14.5,
2008-04-13,,4,0.64,0.02,6.3,5.31,,,,,,5.94,,,9.3,2008,18.28,7.1,,20.9,
2008-04-21,,4,0.27,0.02,5.8,2.55,,,,,916,2.82,,,9,2008,9.1,7.4,,14.2,
2008-04-28,,4,0.22,0.01,5.6,2.86,,,,,,3.08,,,7.8,2008,15.72,7.4,,20.2,
2008-05-05,,5,0.18,0.03,5.9,3.64,3.255,,,,929,3.82,,3.5,10,2008,14.1,7.4,,18.7,
2008-05-14,,5,0.33,0.13,5.8,3.35,,,,,915,3.68,,,6.8,2008,9.12,7.2,,21.2,
2008-05-18,,5,0.53,0.13,6.4,2.66,,,,,947,3.2,,,8.7,2008,9.79,7.2,,24.5,
2008-05-27,,5,0.5,0.03,7.4,2.69,,,,,982,3.19,,,11,2008,6.73,7.2,,19.5,
2008-06-01,,6,0.19,0.04,7.6,2.02,4.092,,,,926,2.21,,4.4,9.2,2008,7.43,7.1,,20,
2008-06-02,,6,0.23,,,,,,,,,,,,8.5,2008,7.67,7.2,,18.7,
2008-06-03,,6,0.29,,,,,,,,,,,,7.8,2008,6.04,7.3,,21,
2008-06-11,,6,0.21,0.05,8.7,2,,,,,951,2.21,,,11.2,2008,10.24,7.1,,22.7,
2008-06-12,,6,0.27,,,,,,,,,,,,12.3,2008,14.34,7.1,,22.7,
2008-06-13,,6,0.25,,,,,,,,,,,,10.8,2008,14.27,7.2,,22.2,
2008-06-17,,6,2.78,0.06,4.9,0.37,,,,,923,3.15,,,12.5,2008,12.78,7.3,,21,
2008-06-18,,6,0.86,,,,,,,,,,,,11,2008,14.66,7.2,,22.2,
2008-06-19,,6,0.61,,,,,,,,,,,,10.8,2008,12.36,7.3,,22.2,
2008-06-22,,6,3.07,0.18,5.1,1.57,,,,,876,4.64,,,12,2008,8.9,7.4,,23.1,
2008-06-23,,6,3.27,,,,,,,,,,,,9,2008,12.62,7.3,,22.2,
2008-06-24,,6,0.37,,,,,,,,,,,,9,2008,9.4,7.4,,22,
2008-07-01,,7,0.3,0.08,6.2,3.74,5.208,,,,939,4.04,,5.6,10.5,2008,10.33,7.3,,22.2,
2008-07-02,,7,0.28,,,,,,,,,,,,9.7,2008,10.53,7.2,,21.7,
2008-07-03,,7,0.33,,,,,,,,,,,,8,2008,9.08,7.2,,22.2,
2008-07-09,,7,0.23,0.06,10.8,1.79,,,,,952,2.03,,,10,2008,7.92,7,,26.2,
2008-07-10,,7,0.21,,,,,,,,,,,,9.5,2008,4.39,7,,27.2,
2008-07-11,,7,0.2,,,,,,,,,,,,9.5,2008,7.9,7.2,,24.7,
2008-07-14,,7,0.21,0.03,8.7,2.26,,,,,,2.46,,,10.7,2008,10.2,7,,25.2,
2008-07-15,,7,0.17,,,,,,,,,,,,8,2008,7.25,7,,23.4,
2008-07-16,,7,0.25,,,,,,,,,,,,8,2008,7.89,7.1,,23.2,
2008-07-20,,7,0.26,0.02,9.7,2.71,,,,,937,2.96,,,10,2008,8.2,7.3,,22.4,
2008-07-21,,7,0.31,,,,,,,,,,,,8.7,2008,11.88,7.2,,20.7,
2008-07-22,,7,0.24,,,,,,,,,,,,8.2,2008,8.65,7.2,,21.8,
2008-07-28,,7,0.22,0.02,8.8,1.83,,,,,905,2.04,,,9.7,2008,12.65,7.1,,22.7,
2008-07-29,,7,0.19,,,,,,,,,,,,9.7,2008,4.74,7.2,,23.9,
2008-07-30,,7,0.2,,,,,,,,,,,,9,2008,12.12,7,,22.2,
2008-08-04,,8,0.17,0.01,7,4.83,5.394,,,,905,5,,5.8,11,2008,10.15,6.9,,22.7,
2008-08-05,,8,0.16,,,,,,,,,,,,7.6,2008,11.59,7.2,,21.9,
2008-08-06,,8,0.12,,,,,,,,,,,,10.5,2008,10.49,7.2,,21.7,
2008-08-13,,8,0.14,0.01,8.4,9.01,,,,,894,9.15,,,11.7,2008,8.4,7,,23.7,
2008-08-14,,8,0.14,,,,,,,,,,,,9,2008,12.01,7.2,,23.2,
2008-08-15,,8,0.16,,,,,,,,,,,,9.7,2008,11.6,7.2,,23.2,
2008-08-19,,8,0.44,0.11,12.2,3.69,,,,,936,4.13,,,8.5,2008,12.21,7.1,,22.7,
2008-08-20,,8,0.38,,,,,,,,,,,,9,2008,10.55,7,,22.7,
2008-08-21,,8,0.51,,,,,,,,,,,,8.4,2008,8.02,6.8,,24.7,
2008-08-24,,8,0.48,0.09,14.8,3.06,,,,,904,3.54,,,8,2008,11.83,6.9,,23.2,
2008-08-25,,8,0.82,,,,,,,,,,,,9.4,2008,11.38,7,,23.7,
2008-08-26,,8,0.99,,,,,,,,,,,,9,2008,11.7,7,,22.7,
2008-09-03,,9,0.68,0.29,20,4.69,5.766,,,,904,5.37,,6.2,10.7,2008,8.23,6.9,,23.2,
2008-09-04,,9,1.23,,,,,,,,,,,,7.7,2008,12.35,7,,24.2,
2008-09-05,,9,1.73,,,,,,,,,,,,9,2008,8.7,6.9,,24.7,
2008-09-09,,9,0.86,0.35,24,6.44,,,,,880,7.3,,,10,2008,8.86,6.9,,23,
2008-09-11,,9,0.75,,,,,,,,,,,,10.7,2008,7.74,7,,20.7,
2008-09-15,,9,1.6,0.57,23.5,3.84,,,,,883,5.44,,,11,2008,8.81,6.9,,21.7,
2008-09-16,,9,1.82,,,,,,,,,,,,8.9,2008,9.37,6.9,,20.2,
2008-09-17,,9,2.46,,,,,,,,,,,,10.7,2008,8.04,6.9,,20.2,
2008-09-21,,9,1.05,0.47,25.1,6.34,,,,,909,7.39,,,10,2008,7.94,6.9,,20.7,
2008-09-22,,9,0.29,,,,,,,,,,,,9,2008,7.45,6.8,,20.2,
2008-09-23,,9,0.32,,,,,,,,,,,,9.4,2008,3.8,7,,22,
2008-10-01,,10,3.85,0.76,20.5,1.78,5.673,,,,868,5.63,,6.1,11,2008,11.62,6.9,,21.7,
2008-10-07,,10,7.77,0.85,17.6,,,,,,867,5.65,,,10.2,2008,16.23,6.8,,20.3,
2008-10-13,,10,10.2,0.79,11.5,,,,,,846,5.8,,,11.5,2008,16.71,7.2,,15.2,
2008-10-21,,10,12.2,0.63,10.8,,,,,,916,6.63,,,11.5,2008,8.33,6.9,,17.3,
2008-10-26,,10,8.64,0.98,15.7,0.84,,,,,955,9.48,,,10,2008,13.66,7,,19.7,
2008-11-02,,11,11.4,0.67,13.8,,5.022,,,,889,10.81,,5.4,11,2008,14.98,7.2,,17.9,
2008-11-10,,11,,0.83,13.5,,,,,,902,11.44,,,7.4,2008,14.34,7.1,,15.7,
2008-11-11,,11,8.7,,,,,,,,,,,,10,2008,6.8,7,,16.7,
2008-11-17,,11,8.96,0.98,14.3,,,,,,886,7.13,,,7,2008,14.32,7,,17.7,
2008-11-23,,11,13.3,0.97,13.4,,,,,,1012,12.47,,,8,2008,14.47,7.3,,15.2,
2008-12-02,,12,16.8,1.23,,,4.65,,,,968,7.51,,5,5,2008,11.28,7.3,,14.7,
2008-12-04,,12,,,10.3,,,,,,,,,,4.5,2008,14.12,7.3,,14.2,
2008-12-08,,12,18.1,0.19,14.1,,,,,,1044,8.05,,,6,2008,11.13,7.3,,13,
2008-12-16,,12,20.2,1.78,10,,,,,,994,8.48,,,9.2,2008,14.44,7.3,,9,
2008-12-21,,12,13.4,1.03,13,,,,,,1064,7.23,,,11,2008,15,7.3,,8.5,
2008-12-28,,12,12.6,1.94,14.6,,,,,,,5.99,,,8.2,2008,14.45,7.1,,9.5,
2009-01-06,,1,6.66,1.38,19.8,2.97,3.441,,,,987,9.63,,3.7,9.7,2009,14.95,7.1,,9.5,
2009-01-11,,1,6.52,1.87,16.7,2.86,,,,,1008,9.37,,,12.2,2009,14.73,7.1,,10.2,
2009-01-20,,1,4.14,1.18,16.3,2.72,,,,,1043,6.86,,,10,2009,9.76,6.9,,12.5,
2009-01-26,,1,2.56,0.48,20.5,3.95,,,,,1072,6.51,,,6,2009,12.83,7.1,,11.3,
2009-02-03,,2,2.56,0.79,19,2.74,3.441,,,,1025,5.3,,3.7,15.5,2009,11.31,7,,12.5,
2009-02-08,,2,6.69,1.02,14.3,0.52,,,,,1022,7.21,,,12.9,2009,14.77,7,,12.5,
2009-02-15,,2,9.17,1.04,13.3,,,,,,965,,,,11.5,2009,15.15,7.2,,10,
2009-02-23,,2,12.5,1.7,12.6,,,,,,1019,,,,9.4,2009,16.59,7.1,,14,
2009-03-03,,3,21.5,,9.4,,4.185,,,,,20.49,,4.5,6.8,2009,18.35,7.3,,13.8,
2009-03-08,,3,16.3,1.96,8,,5.022,,,,,19.76,,5.4,5,2009,18.34,7.2,,13.2,
2009-03-16,,3,24.1,1.84,5.2,,4.278,,,,,,,4.6,2.5,2009,17.92,7.3,,14,
2009-03-25,,3,7.47,3.41,15.4,,,,,,,2.98,,,22,2009,8.61,7,,16,
2009-04-01,,4,0.21,0.04,16.7,0.79,3.069,,,,,1,,3.3,14.5,2009,8.16,6.9,,16.4,
2009-04-06,,4,0.17,0.07,15.6,3.62,3.813,,,,967,3.79,,4.1,13.2,2009,11.77,7,,17.5,
2009-04-14,,4,13.7,0.8,11,13.17,3.348,,,,965,26.9,,3.6,19.8,2009,10.12,7.1,,16.5,
2009-04-20,,4,0.93,1.97,16.2,6.16,,,,,1032,7.09,,,13.2,2009,12.1,6.8,,22,
2009-04-26,,4,1.29,1.02,18.3,6.61,,,,,,7.9,,,14.8,2009,10.93,7.1,,17.5,
2009-05-05,,5,6.92,1.57,14.2,,4.557,,,,1084,,,4.9,19.2,2009,7.61,6.8,,19,
2009-05-11,,5,1.23,,,,,,,,1009,,,,11.5,2009,7.88,7.1,,20.5,
2009-05-17,,5,0.34,0.05,11.4,,,,,,992,,,,15,2009,14.14,7.2,,23,
2009-05-25,,5,1.23,0.42,7.4,,,,,,998,,,,10,2009,11.29,7.1,,18.7,
2009-06-01,,6,0.17,0.08,15.6,,5.022,,,,1049,,,5.4,10,2009,8.5,7.2,,21.5,
2009-06-02,,6,0.12,,,,,,,,,,,,11,2009,13.62,7.1,,20.5,
2009-06-03,,6,0.16,,,,,,,,,,,,13,2009,8.6,7.1,,21,
2009-06-09,,6,2.4,0.54,19.2,,,,,,1036,,,,10.7,2009,7.94,7.1,,20,
2009-06-10,,6,1.95,,,,,,,,,,,,10.7,2009,8.7,7,,21.5,
2009-06-11,,6,1.73,,,,,,,,,,,,11.5,2009,10.78,7,,20,
2009-06-14,,6,2.73,0.93,21.1,,,,,,1052,,,,14,2009,7.37,7,,21.5,
2009-06-15,,6,2,,,,,,,,,,,,14,2009,11.8,7,,21,
2009-06-16,,6,0.76,,,,,,,,,,,,12,2009,6.26,6.8,,21,
2009-06-21,,6,0.83,0.13,23.1,,,,,,1008,,,,8,2009,6.96,7,,22,
2009-06-22,,6,0.5,,,,,,,,,,,,8.7,2009,11.03,7,,22,
2009-06-23,,6,0.41,,,,,,,,,,,,7.2,2009,5.92,7,,23.5,
2009-07-01,,7,0.16,0.03,13.2,,,,,,1039,,,,8.5,2009,7.9,7.1,,24,
2009-07-02,,7,0.19,,,,,,,,,,,,,2009,8.96,7.1,,23,
2009-07-06,,7,0.25,0.03,13.4,,4.929,,,,974,,,5.3,8.3,2009,9.53,7,,21,
2009-07-08,,7,0.4,,,,,,,,,,,,7.8,2009,8.72,6.9,,22,
2009-07-15,,7,1.04,0.19,15.8,,,,,,1016,,,,9.3,2009,11.3,6.9,,25,
2009-07-16,,7,0.43,,,,,,,,,,,,8.6,2009,6.93,7.1,,23,
2009-07-17,,7,0.86,,,,,,,,,,,,7,2009,10.84,7,,,
2009-07-19,,7,0.7,0.17,16.2,,,,,,1229,,,,11,2009,9.43,7.1,,23,
2009-07-20,,7,0.59,,,,,,,,,,,,10.7,2009,7.14,6.8,,25,
2009-07-21,,7,1.1,,,,,,,,,,,,11,2009,9.32,7,,22,
2009-07-28,,7,1.21,0.28,15.3,,,,,,1003,,,,10,2009,7.05,7.1,,21.5,
2009-07-29,,7,1.1,,,,,,,,,,,,9.7,2009,11.8,7.1,,22.5,
2009-07-30,,7,0.65,,,,,,,,,,,,7,2009,6.09,7,,21.5,
2009-08-04,,8,0.29,0.05,12.2,,4.743,,,,874,,,5.1,6.7,2009,12.92,7.1,,22.5,
2009-08-05,,8,0.36,,,,,,,,,,,,4,2009,8.63,7.5,,22.5,
2009-08-06,,8,0.3,,,,,,,,,,,,5.8,2009,6.19,7.3,,23,
2009-08-10,,8,0.23,0.04,8.4,,,,,,941,,,,12,2009,6.79,7.1,,25,
2009-08-11,,8,0.25,,,,,,,,,,,,14,2009,12.81,7.3,,24,
2009-08-12,,8,0.21,,,,,,,,,,,,12.4,2009,9.52,7.3,,23,
2009-08-19,,8,0.3,0.04,7,,,,,,917,,,,10.8,2009,7.67,7.2,,23,
2009-08-20,,8,0.24,,,,,,,,,,,,8.5,2009,9.69,7.2,,22.5,
2009-08-23,,8,0.3,0.04,6.8,,,,,,908,,,,6.5,2009,7.29,7.1,,23,
2009-08-24,,8,0.26,,,,,,,,,,,,6.8,2009,11.76,7.1,,21.5,
2009-09-01,,9,0.67,0.18,9.7,,5.487,,,,884,,,5.9,8.5,2009,10.59,7.4,,21,
2009-09-02,,9,0.58,,,,,,,,,,,,8,2009,11.92,7.4,,23,
2009-09-09,,9,0.62,0.21,13.7,,,,,,936,,,,5.5,2009,11.54,7.3,,21,
2009-09-10,,9,0.58,,,,,,,,,,,,4.7,2009,12.24,7,,22,
2009-09-11,,9,0.65,,,,,,,,,,,,4.5,2009,11.52,7.1,,23,
2009-09-14,,9,1.45,0.41,14.1,,,,,,944,,,,8,2009,9.68,7.4,,21,
2009-09-15,,9,0.8,,,,,,,,,,,,8.4,2009,7.13,7.1,,22,
2009-09-16,,9,0.38,,,,,,,,,,,,8,2009,5.69,7,,22,
2009-09-22,,9,0.5,0.14,14.1,,,,,,922,,,,7.9,2009,9.55,7.3,,23,
2009-09-23,,9,0.52,,,,,,,,,,,,6,2009,9.97,7.1,,23.5,
2009-09-24,,9,0.73,,,,,,,,,,,,4.8,2009,10.07,7.3,,22,
2009-09-27,,9,0.41,0.15,15,,,,,,948,,,,4,2009,3.58,7,,24,
2009-09-28,,9,0.62,,,,,,,,,,,,5.6,2009,7.07,7.3,,23,
2009-09-29,,9,2,,,,,,,,,,,,6.2,2009,3.69,7,,21,
2009-10-06,,10,0.91,0.22,19,,4.278,,,,955,,,4.6,7,2009,7.02,7,,16.5,
2009-10-14,,10,2.89,0.49,19.8,,,,,,943,,,,8.7,2009,12.82,7.1,,17,
2009-10-19,,10,0.4,0.11,21,,,,,,977,,,,7,2009,11.77,7,,19,
2009-10-25,,10,0.87,0.35,19,,,,,,943,,,,6.7,2009,8.11,7,,19.5,
2009-11-04,,11,1.49,0.6,21.1,,5.208,,,,1005,,,5.6,7.8,2009,9.42,6.9,,18.5,
2009-11-10,,11,3.52,0.92,18.9,,,,,,949,,,,10.9,2009,12.04,7.1,,15,
2009-11-15,,11,4.43,0.76,15.3,,,,,,957,,,,12,2009,10.16,7.1,,14,
2009-11-23,,11,6.3,1.02,11.9,,,,,,884,,,,14,2009,16.65,7.2,,12.5,
2009-12-01,,12,4.66,0.97,12.9,,3.069,,,,960,,,3.3,13,2009,17.09,6.9,,12.5,
2009-12-07,,12,7.46,0.87,11.4,,,,,,889,,,,11.5,2009,16.49,7,,10,
2009-12-15,,12,2.12,1.09,16.2,,,,,,910,,,,11,2009,13.59,6.8,,12.5,
2009-12-20,,12,,0.4,18.6,,,,,,1029,,,,12,2009,13.57,6.8,,12.5,
2009-12-21,,12,1.13,,,,,,,,,,,,10,2009,11.8,6.8,,12,
2009-12-28,,12,0.85,0.21,18.2,,,,,,875,,,,12.8,2009,13.17,6.9,,11.5,
2010-01-06,,1,0.63,0.07,21.8,,3.627,,,,869,,,3.9,13,2010,11.67,6.8,,12.5,
2010-01-11,,1,1.2,0.12,21.1,,,,,,886,,,,14,2010,12.58,6.9,,12,
2010-01-19,,1,1.6,0.16,20,,,,,,864,,,,14,2010,15.14,6.9,,12.5,
2010-01-25,,1,7.2,1.35,15.4,,,,,,803,,,,8.2,2010,22.73,7.1,,12,
2010-02-01,,2,2.03,0.53,21.9,,4.092,,,,974,,,4.4,7.5,2010,17.86,6.7,,14.5,
2010-02-10,,2,0.58,0.34,22.4,,,,,,984,,,,7.8,2010,10.16,6.9,,12.5,
2010-02-17,,2,2.01,0.33,22.4,,,,,,923,,,,7.3,2010,14.79,6.9,,15.3,
2010-02-24,,2,1.36,0.55,19.3,,,,,,978,,,,9,2010,13.87,7,,12.5,
2010-03-01,,3,1.54,0.17,19.4,,2.883,,,,928,,,3.1,8,2010,13.99,7.1,,15.8,
2010-03-08,,3,3.04,0.57,17.9,,,,,,977,,,,7.3,2010,15.29,6.9,,13.5,
2010-03-14,,3,1.22,0.36,17.6,,,,,,927,,,,7,2010,15.64,7.1,,12,
2010-03-24,,3,0.27,0.02,13.9,,,,,,927,,,,8.2,2010,11.49,7.1,,18,
2010-03-28,,3,0.37,0.01,13.1,,,,,,892,,,,8.3,2010,11.6,7.3,,17.5,
2010-04-05,,4,1.46,0.37,15.5,,3.162,,,,945,,,3.4,7.5,2010,14.88,6.9,,13.5,
2010-04-11,,4,2,0.41,15,,,,,,937,,,,7,2010,14.66,7.1,,15,
2010-04-22,,4,1.3,0.16,,,,,,,904,,,,7,2010,9.89,7.1,,14,
2010-04-23,,4,,,11.9,,,,,,,,,,8.7,2010,15.13,7.1,,16.3,
2010-04-25,,4,0.3,0.01,11.2,,,,,,883,,,,7.2,2010,10.21,7.2,,,
2010-05-03,,5,0.17,0.01,9.9,,2.604,,,,952,,,2.8,9.7,2010,15.32,7.3,,19,
2010-05-09,,5,0.29,0.01,7.4,,,,,,935,,,,9.7,2010,7.76,7.3,,16.5,
2010-05-17,,5,0.25,0.02,6.9,,,,,,883,,,,9.7,2010,7.71,7.2,,18.5,
2010-05-23,,5,0.25,0.01,6.5,,,,,,1028,,,,11.3,2010,13.59,7.7,,16,
2010-06-02,,6,0.81,0.01,9.5,,4.185,,,,1049,,,4.5,5.7,2010,3.16,7.1,,22,
2010-06-06,,6,0.12,0.01,7.7,,,,,,977,,,,8.5,2010,5.35,7.3,,25,
2010-06-13,,6,,0.01,1.3,,,,,,991,,,,10.3,2010,10.29,7.4,,23,
2010-06-15,,6,0.41,,,,,,,,,,,,8.8,2010,4.37,7.1,,22.5,
2010-06-20,,6,0.19,0.01,3.9,,,,,,965,,,,11.3,2010,11.03,7.5,,20,
2010-06-29,,6,0.2,0.04,4,,,,,,1007,,,,9.5,2010,6.98,7.3,,25.5,
2010-07-04,,7,0.21,0.01,5,,2.418,,,,1008,,,2.6,10.2,2010,10.66,7.5,,23,
2010-07-13,,7,0.18,0.01,,,,,,,1070,,,,10.3,2010,10.58,7.3,,23.5,
2010-07-14,,7,,,6.1,,,,,,,,,,8.7,2010,7.86,7.1,,23.5,
2010-07-18,,7,0.15,0.01,9.9,,,,,,1093,,,,7.5,2010,6.4,7.1,,25,
2010-07-27,,7,0.23,0.01,14.5,,,,,,1002,,,,7.7,2010,5.94,7.4,,21,
2010-08-01,,8,,0.03,12.7,,5.115,,,,1019,,,5.5,8.2,2010,7.06,7.3,,21.3,
2010-08-10,,8,0.1,0.01,10.3,,,,,,969,,,,5,2010,3.74,7.3,,22.5,
2010-08-15,,8,0.27,0.01,9.6,,,,,,924,,,,10.2,2010,5.33,7.4,,21.3,
2010-08-24,,8,0.15,0.01,7,,,,,,859,,,,9.3,2010,7.87,7.3,,24,
2010-08-30,,8,0.13,0.01,7.4,,,,,,838,,,,5.5,2010,5.58,7.2,,20.5,
2010-09-05,,9,0.18,0.01,8.6,,4.557,,,,862,,,4.9,5.8,2010,6.53,7.1,,23,
2010-09-13,,9,0.1,0.01,8.6,,,,,,847,,,,8.2,2010,12.07,7.2,,21,
2010-09-19,,9,0.12,0.01,8.3,,,,,,849,,,,8.5,2010,11.35,7.3,,21.5,
2010-09-26,,9,0.16,0.01,8.3,,,,,,811,,,,11,2010,5.59,7.1,,21.8,
2010-10-03,,10,0.2,0.02,8.3,,4.185,,,,825,,,4.5,9.3,2010,7.06,7.3,,21.5,
2010-10-11,,10,0.1,0.01,,,,,,,773,,,,7.3,2010,7.73,7.2,,21.5,
2010-10-14,,10,,,7.4,,,,,,,,,,5.3,2010,9.69,7.3,,23,
2010-10-17,,10,0.1,0.01,7.2,,,,,,718,,,,8,2010,7.32,6.9,,19.5,
2010-10-25,,10,0.18,0.01,8.7,,,,,,692,,,,8.8,2010,13.18,7.2,,16.5,
2010-11-02,,11,0.53,0.02,9.3,,,,,,647,,,,7.5,2010,15.39,7.2,,17,
2010-11-07,,11,1.68,0.12,9.8,,4.371,,,,718,,,4.7,10.8,2010,10.55,7.3,,17.5,
2010-11-14,,11,0.27,0.01,11,,,,,,747,,,,11.8,2010,9.79,7.4,,16.5,
2010-11-23,,11,0.62,0.13,9.7,,,,,,773,,,,18.7,2010,14.7,7.2,,12,
2010-12-01,,12,0.14,0.01,,,3.441,,,,504,,,3.7,18.5,2010,18.38,7.2,,9.5,
2010-12-05,,12,1.42,0.14,9.9,,,,,,645,,,,13.5,2010,17.98,7.4,,13.5,
2010-12-13,,12,0.51,0.05,10.9,,,,,,702,,,,9.5,2010,17.8,7.1,,15.5,
2010-12-19,,12,2.56,0.56,11.3,,,,,,,,,,12,2010,17.65,7.3,,14,
2010-12-27,,12,0.71,0.42,18.6,,,,,,694,,,,8.2,2010,7.74,6.9,,12.5,
2011-01-02,,1,4.4,1.37,,,3.069,,,,704,,,3.3,9,2011,12.79,7.1,,10.5,
2011-01-04,,1,,,21,,,,,,,,,,9.2,2011,12.76,7,,10.5,
2011-01-10,,1,3.06,1.37,20.8,,,,,,,,,,10.7,2011,11.84,7.1,,9,
2011-01-16,,1,0.3,0.1,24.8,,,,,,,,,,6.2,2011,12.2,7,,13.5,
2011-01-24,,1,0.23,0.04,22.6,,,,,,726,,,,7.5,2011,10.24,6.9,,13,
2011-02-01,,2,2.71,0.79,17.3,,3.813,,,,675,,,4.1,6,2011,7.44,6.9,,13.5,
2011-02-06,,2,3.79,1.27,15.2,,,,,,699,,,,6.6,2011,11.17,7.1,,14,
2011-02-14,,2,4.58,0.99,14,,,,,,696,,,,6.2,2011,8.44,7.1,,13,
2011-02-20,,2,6.75,1.19,10.2,,,,,,679,,,,13.5,2011,15.87,7.3,,9,
2011-03-01,,3,1.78,0.97,13.1,,3.999,,,,666,,,4.3,10.7,2011,12.7,7.1,,11,
2011-03-06,,3,1.28,0.77,13.3,,,,,,771,,,,11.9,2011,14.65,7,,16.5,
2011-03-14,,3,0.54,0.33,,,,,,,724,,,,7.9,2011,10.98,7.2,,16,
2011-03-17,,3,,,12.1,,,,,,,,,,8,2011,15.54,7.1,,15,
2011-03-20,,3,6.65,0.7,8.9,,,,,,703,,,,11.5,2011,17.79,7.3,,11.3,
2011-03-28,,3,1.35,0.63,13.6,,,,,,,,,,8.2,2011,13.65,7.1,,14,
2011-04-03,,4,1.52,0.32,12.5,,3.441,,,,746,,,3.7,7.2,2011,15.37,7.3,,17.5,
2011-04-12,,4,1.18,0.46,12.4,,,,,,,,,,11,2011,17.26,7.2,,15.5,
2011-04-17,,4,0.39,0.12,10.7,,,,,,775,,,,10.1,2011,16.3,7.4,,18,
2011-04-25,,4,0.39,0.04,10.2,,,,,,793,,,,9.1,2011,17.02,7.4,,17.5,
2011-05-01,,5,0.21,0.01,8.3,,2.232,,,,,,,2.4,8.7,2011,13.09,7.6,,17,
2011-05-09,,5,0.19,0.01,7.2,,,,,,804,,,,8,2011,10.82,7.5,,15.5,
2011-05-15,,5,0.1,0.01,6.8,,,,,,,,,,9.1,2011,12.11,7.7,,15.5,
2011-05-23,,5,0.12,,7.2,,,,,,799,,,,7.1,2011,11.77,7.6,,17,
2011-05-29,,5,0.11,0.03,7.2,,,,,,,,,,7.2,2011,8.54,7.6,,15.5,
2011-06-05,,6,0.16,0.01,7.8,,2.79,,,,780,,,3,9.8,2011,11.48,7.6,,17,
2011-06-13,,6,0.13,0.01,5.7,,,,,,853,,,,10,2011,12.23,7.5,,19.5,
2011-06-19,,6,0.13,0.01,6,,,,,,,,,,6.4,2011,13.58,7.5,,21,
2011-06-28,,6,1.82,0.16,8.2,,,,,,912,,,,8.3,2011,12.78,7.5,,22,
2011-07-04,,7,1.71,0.36,12.2,,5.115,,,,874,,,5.5,4.7,2011,6.43,7.3,,24.5,
2011-07-10,,7,1.77,0.65,12.8,,,,,,,,,,6.3,2011,11.68,7.3,,22,
2011-07-18,,7,0.3,0.1,12.7,,,,,,,,,,6.2,2011,8.27,7.3,,21,
2011-07-24,,7,0.23,0.03,9.9,,,,,,,,,,7.5,2011,7.67,7.5,,23,
2011-08-02,,8,0.99,0.39,11,,5.022,,,,1002,,,5.4,6.3,2011,8.17,7.4,,22,
2011-08-07,,8,0.53,0.4,12,,,,,,,,,,2,2011,6.33,7.4,,23,
2011-08-17,,8,0.19,0.04,10.3,,,,,,936,,,,3.3,2011,11.85,7.3,,22,
2011-08-21,,8,0.1,0.03,9.9,,,,,,,,,,2,2011,3.91,7.4,,21.5,
2011-08-30,,8,0.36,0.1,0.4,,,,,,948,,,,6.1,2011,11.24,7.4,,21.5,
2011-09-06,,9,0.17,0.02,10.1,,4.836,,,,912,,,5.2,7,2011,7.57,7.4,,22.5,
2011-09-11,,9,0.19,0.11,10.5,,,,,,911,,,,5.8,2011,9.77,7.5,,22,
2011-09-19,,9,0.17,0.08,11.2,,,,,,,,,,5.1,2011,5.36,7.3,,23,
2011-09-28,,9,0.55,0.4,11.2,,,,,,,,,,6,2011,9.8,7.2,,21,
2011-10-03,,10,1.11,0.27,11.2,,5.208,,,,,,,5.6,7.4,2011,12.95,7,,19.5,
2011-10-09,,10,0.49,0.24,11.7,,,,,,885,,,,12,2011,17.16,7.1,,17,
2011-10-17,,10,0.11,0.02,7,,,,,,765,,,,8.8,2011,16.57,7.4,,20,
2011-11-01,,11,0.65,0.52,6,,4.185,,,,769,,,4.5,9.3,2011,14.15,7.2,,16.5,
2011-11-06,,11,1.79,0.64,6.3,,,,,,753,,,,8.8,2011,17.42,7.5,,11.5,
2011-11-14,,11,2.24,0.96,8.3,,,,,,749,,,,8.5,2011,13.13,7.3,,12.5,
2011-11-20,,11,6.28,0.99,6.6,,,,,,716,,,,10.7,2011,13.32,7.5,,11,
2011-11-28,,11,6.25,1.2,8.3,,,,,,842,,,,8.2,2011,14.76,7.2,,11.5,
2011-12-04,,12,10.5,0.96,7.8,,,,,,884,,,,9.1,2011,11.08,7.4,,7.5,
2011-12-12,,12,15.1,1.45,9.4,,4.278,,,,797,,,4.6,5.9,2011,11.1,7.3,,9,
2011-12-18,,12,8.16,1.45,17.5,,,,,,800,,,,7.1,2011,6.67,7.1,,9.5,
2011-12-27,,12,9.84,1.36,15.4,,,,,,750,,,,5.8,2011,7.72,7.2,,9,
2012-07-12,5.3,,0.27,0.017,17.5,,,2.6,20.1,5.38,,3.3,20.8,5.48,8.34,,7.64,7.11,11.2,22.5,
2012-07-24,11,,0.182,0.01,22.5,,,2.2,24.7,9.03,,3,25.5,9.22,5.16,,5.81,7.01,7.4,22.5,
2012-08-09,7.3,,0.452,0.034,23,,,2.3,25.3,8,,3.1,26.1,8.5,5.58,,6.82,7.17,7.7,22,
2012-08-27,6.6,,0.248,0.039,22.8,,,2.2,25,7.5,,2.5,25.3,7.7,13.4,,6.26,7.04,9.7,20.5,
2012-09-06,7.4,,1.19,0.277,22,,,2.3,24.6,8.2,,3.2,25.5,8.4,13.2,,10.3,6.87,11,20,
2012-09-16,7.9,,1.63,0.328,22.5,,,2.6,25.4,8.3,,3.3,26.1,8.4,6.58,,9.41,6.98,9.9,21,
2012-10-18,7.2,,7,1.15,21.6,,,8.2,31,7.7,,9.2,32,7.4,7.67,,9.21,7.04,9.71,19.5,
2012-10-25,6.8,,19.6,1.7,11.5,,,39,52.2,6.8,,21,34.2,7.1,6.92,,15.99,7.32,19.3,15.5,
2012-11-08,6.6,,18.4,2.05,12.3,,,18,32.4,6.1,,19,33.4,6,9.59,,12.59,7.26,18,16,
2012-11-20,5.3,,13.3,2.02,15.8,,,14,31.8,5.7,,15,32.8,5.7,10.7,,11.19,7.14,11.98,14.5,
2012-12-06,4.8,,6.51,1.53,21.1,,,6.9,29.5,4.7,,6.8,29.4,4.8,9.59,,6.27,6.89,15.92,14.5,
2012-12-16,4.2,,18,1.68,7.56,,,20,29.2,4.4,,21,30.2,4.7,10.4,,19.02,7.43,20.07,8.5,
2013-01-10,3.6,,21.6,1.35,8.3,,,17,26.7,3.8,,20,29.7,4.4,8.75,,18.1,7.37,23.7,9,
2013-01-15,3.7,,10.2,1.49,15.6,,,12,29.1,3.7,,11,28.1,4.1,11.8,,9.33,7.17,10.3,6,
2013-01-24,3.5,,15.1,1.3,9.9,,,17,28.2,4.1,,17,28.2,4.4,9.62,,18.7,7.29,19.4,11,
2013-02-07,4.1,,4.9,1.02,24.3,,,2.6,27.9,4.4,,6.7,32,4,10.5,,5.72,6.83,11.1,10.5,
2013-02-14,3.7,,13,1.86,12.2,,,12,26.1,3.9,,14,28.1,4.1,13.9,,18.3,7.27,23.8,11,
2013-02-26,3.4,,0.11,0.044,27.4,,,0.94,28.4,3.9,,1.9,29.3,4.1,11.3,,6.18,6.94,6.8,11.5,
2013-03-21,3.5,,3.57,2.99,18.2,,,3.7,24.9,3.8,,5.4,26.6,4.1,12.9,,12.3,6.98,17.2,13.5,
2013-03-26,3.5,,0.17,0.314,24.9,,,1.3,26.5,3.5,,1.4,26.6,3.7,13.7,,10.3,7.03,15.8,14,
2013-04-11,2.3,,0.12,0.217,24,,,1.4,25.6,2.3,,2.1,26.317,2.4,8.12,,11.7,6.93,11.8,18,
2013-04-16,1.9,,1.46,1.2,16,,,2.7,19.9,2.2,,3.7,20.9,2.3,9,,9.48,7.07,11.8,13.5,
2013-05-05,5.6,,2.73,0.6,17.8,,,4.9,23.3,5.7,,6.2,24.6,5.7,9.62,,6.87,7.12,9.3,21.5,
2013-05-19,5.5,,0.18,0.014,14.7,,,1.6,16.3,5.7,,3.3,18.014,5.9,7.12,,7.2,7.11,7.9,20,
2013-06-13,6.3,,0.1,0.009,14.1,,,0.22,14.3,6.5,,2.8,16.909,6.6,9.25,,8.82,7.16,8.9,20.5,
2013-06-20,5.7,,0.21,0.017,13.2,,,2.7,15.9,5.6,,4.2,17.417,6,9.38,,9.67,7.11,9.9,18.5,
2013-07-09,6.2,,0.114,0.009,11.5,,,2.3,13.8,6.1,,3.7,15.209,6.1,8.62,,5.77,7.33,9.6,22.1,
2013-07-23,4.6,,0.269,0.074,9.39,,,2.2,11.7,4.6,,4.5,13.964,4.8,10,,8.6,7.23,9.4,21.6,
2013-08-08,3.9,,0,0.032,6.57,,,2.3,8.9,4,,4.2,10.802,4.3,10.2,,8.77,7.34,9.73,21.1,
2013-08-20,3.4,,0.18,0.011,5.6,,,2,7.61,7,,3.3,8.911,6.9,12,,9.69,7.21,11,23.6,
2013-09-08,3.5,,0.245,0.036,6.24,,,2.4,8.68,3.6,,3.8,10.076,3.8,7.08,,7.51,7.22,11.3,23.1,
2013-09-19,3.6,,0.71,0.202,6.56,,,2.3,9.06,3.5,,4.5,11.262,3.9,9.33,,17.3,7.31,20.1,20.1,
2013-10-10,3.8,,0.72,0.36,7.52,,,2.4,10.3,3.8,,4.6,12.48,4.2,9.75,,6.73,7.27,14.9,17.5,
2013-10-20,4.5,,1.5,0.69,8.55,,,5.5,14.7,5,,6.1,15.34,5.3,7.42,,17,7.13,25,18.5,
2013-11-14,6.2,,3.21,1.2,13.6,,,3.9,18.7,7.2,,6.6,21.4,7.6,9.2,,11.2,7.11,23.8,16.5,
2013-11-17,6.2,,4.54,1.4,13.1,,,4.8,19.3,6.8,,6.6,21.1,7.1,9.4,,13.2,7.08,13.9,14,
2013-12-01,5.8,,0.1,0.017,20.8,,,0.07,20.9,6.5,,0.35,21.167,6.4,7,,7.58,6.98,8.49,13,
2013-12-19,4.4,,3.12,1,21.2,,,1.9,24.1,4.8,,3,25.2,5.2,5.5,,8.65,7.04,19,10.5,
2014-01-09,4.7,,2.1,1.8,20.8,,,1.7,24.3,5.1,,4.1,26.7,5.5,9.9,,10.1,6.86,10.7,12,
2014-01-14,5,,3.64,2.18,18.9,,,2.4,23.48,5.6,,3.2,24.28,5.8,15,,14.5,6.85,25.3,12,
2014-01-26,5.3,,2.34,1.85,23.4,,,1.5,26.75,5.8,,4.3,29.55,5.8,12.3,,9.37,6.81,10.1,12.5,
2014-02-04,1.8,,12,2.33,16,,,7.6,25.93,4.3,,12,30.33,5.2,13.6,,18.4,7.1,19.1,12,
2014-02-09,4.4,,5.46,1.9,21.8,,,4.1,27.8,4.7,,5.8,29.5,5,10.7,,11.1,6.86,20,13,
2014-02-18,4.4,,2.08,1.92,23.9,,,0.53,26.35,4.7,,2.2,28.02,4.9,7.2,,10.3,6.73,11,13.5,
2014-03-13,3.6,,2.79,1.8,16.6,,,2.6,21,3.7,,2.9,21.3,3.6,9.8,,9.71,6.93,10.9,15.5,
2014-03-20,3.6,,0.52,0.225,19.3,,,0.35,19.88,3.4,,0.67,20.195,3.7,10.6,,13.7,6.79,26,17,
2014-04-03,3.4,,3.16,1.21,13.3,,,2.4,16.91,3.8,,4.2,18.71,4.2,12.4,,14.7,7.12,19.2,14,
2014-04-17,4,,1.01,1.65,13.5,,,0.48,15.63,4,,2.2,17.35,4.2,13.6,,16.9,6.91,21,19,
2014-05-15,3.9,,0.1,0.05,12,,,1.1,13.15,4.2,,1.9,13.95,4.3,12.1,,12.6,7.12,21,22.5,
2014-05-22,2.6,,0.1,0.03,7.37,,,1.5,8.9,2.7,,3.3,10.7,2.9,11.2,,15.1,7.28,17,20,
2014-06-05,3,,0.1,0.01,7.34,,,1.1,8.45,2.7,,1.4,8.75,2.7,4.4,,6.14,7.23,13,21,
2014-06-19,3.8,,0.1,0.003,11.9,,,1,12.903,4.4,,1.5,13.403,4.4,2.7,,3.98,6.79,10,22,
2014-07-10,3.4,,0.05,,6.94,,,,,,,3,9.95,3.7,,,6.4,,,,
2014-07-17,3.3,,0.11,,6.5,,,,,,,3.2,9.71,3.6,,,7.73,,,,
2014-08-05,7.5,,1.48,,12.5,,,,,,,4.2,17.3,7.4,,,13.28,,,,
2014-08-21,3.4,,0.05,,8.69,,,,,,,2.1,10.8,3.6,,,17.98,,,,
2014-09-09,5.1,,0.17,,10.11,,,,,,,2.9,13.01,4.4,,,18.56,,,,
2014-09-16,4.4,,0.05,,11.31,,,,,,,2.3,13.61,3.8,,,7.13,,,,
2014-10-05,4.2,,1.65,,7.51,,,,,,,6,13.51,4.3,,,18.45,,,,
2014-10-12,4.4,,0.2395,,11.74,,,,,,,4.3,16.04,4.8,,,9.93,,,,
2014-12-04,4.5,,1.22,,19.88,,,,,,,2.4,22.28,5.14,,,9.62,,,,
2014-12-16,3.72,,8.66,,11.5,,,,,,,12,23.5,3.87,,,19.07,,,,
2015-01-06,3.81,,7.49,,17.25,,,,,,,7.2,24.45,3.97,,,12.72,,,,
2015-01-15,4.56,,7.68,,19.8,,,,,,,8,27.8,4.92,,,12.67,,,,
2015-02-10,3.86,,7.11,,16.95,,,,,,,8.7,25.65,4.12,,,13.43,,,,
2015-02-17,4.48,,9.343333333,,13.23,,,,,,,10,23.23,4.98,,,13.69,,,,
2015-03-10,4.66,,4.62,,16.74,,,,,,,5.2,21.94,5.14,,,12.85,,,,
2015-03-24,5.37,,0.61,,22.9,,,,,,,0.035,22.97,5.9,,,5.57,,,,
2015-07-15,,,,,,,,,,,,,,,,,6.32817806451613,,,,
2015-08-15,,,,,,,,,,,,,,,,,7.41222222222222,,,,
2015-09-15,,,,,,,,,,,,,,,,,9.43440266666667,,,,
2015-10-15,,,,,,,,,,,,,,,,,8.29018568583897,,,,
2015-11-15,,,,,,,,,,,,,,,,,12.4112,,,,
2015-12-15,,,,,,,,,,,,,,,,,14.1083333333333,,,,
2016-01-15,,,,,,,,,,,,,,,,,11.980338158146,,,,
2016-02-15,,,,,,,,,,,,,,,,,10.5829478978239,,,,
2016-03-15,,,,,,,,,,,,,,,,,12.4805090322581,,,,
2016-04-15,,,,,,,,,,,,,,,,,12.9085185185185,,,,
2016-05-15,,,,,,,,,,,,,,,,,8.08290322580645,,,,
2016-06-15,,,,,,,,,,,,,,,,,7.43785714285714,,,,
2016-07-15,,,,,,,,,,,,,,,,,8.45171095448156,,,,
2016-08-15,,,,,,,,,,,,,,,,,8.98884387170115,,,,
2016-09-15,,,,,,,,,,,,,,,,,7.215,,,,
2016-10-15,,,,,,,,,,,,,,,,,13.0267741935484,,,,
2016-11-15,,,,,,,,,,,,,,,,,9.51033333333333,,,,
2016-12-15,,,,,,,,,,,,,,,,,12.5116129032258,,,,
2017-01-15,,,,,,,,,,,,,,,,,16.1935483870968,,,,
2017-02-15,,,,,,,,,,,,,,,,,15.9592857142857,,,,
2017-03-15,,,,,,,,,,,,,,,,,16.8196774193548,,,,
2017-04-15,,,,,,,,,,,,,,,,,11.7416666666667,,,,
2017-05-15,,,,,,,,,,,,,,,,,11.0538709677419,,,,
2017-06-15,,,,,,,,,,,,,,,,,8.914,,,,
2017-07-15,,,,,,,,,,,,,,,,,8.86967741935484,,,,
2017-08-15,,,,,,,,,,,,,,,,,9.32903225806452,,,,
2017-09-15,,,,,,,,,,,,,,,,,8.55433333333333,,,,
2017-10-15,,,,,,,,,,,,,,,,,12.178064516129,,,,
2017-11-15,,,,,,,,,,,,,,,,,12.3883333333333,,,,
2017-12-15,,,,,,,,,,,,,,,,,9.14677419354839,,,,
2018-01-15,,,,,,,,,,,,,,,,,15.8003225806452,,,,
2018-02-15,,,,,,,,,,,,,,,,,9.42535714285714,,,,
2018-03-15,,,,,,,,,,,,,,,,,12.4622580645161,,,,
2018-04-15,,,,,,,,,,,,,,,,,11.797,,,,
2018-05-15,,,,,,,,,,,,,,,,,9.8241935483871,,,,
2018-06-15,,,,,,,,,,,,,,,,,7.566,,,,